12DAG3PS	missing at least one compound structure
BF-H2ase	missing at least one compound structure
BF-Nfn	missing at least one compound structure
Biomass_Cbescii	missing at least one compound structure
CelF	missing at least one compound structure
DeoABC	missing at least one compound structure
EpxqR	missing at least one compound structure
FUCASE	missing at least one compound structure
FUCASE2	missing at least one compound structure
GlcnABC	missing at least one compound structure
KAS11	missing at least one compound structure
KAS12	missing at least one compound structure
KAS13	missing at least one compound structure
KAS17_1	missing at least one compound structure
KAS17_2	missing at least one compound structure
KAS1OH3	missing at least one compound structure
KAS2	missing at least one compound structure
KAS3	missing at least one compound structure
KAS6	missing at least one compound structure
KAS8	missing at least one compound structure
LIPO1S24_Cbes	missing at least one compound structure
LIPO2S24_Cbes	missing at least one compound structure
LIPO3S24_Cbes	missing at least one compound structure
LIPO4S24_Cbes	missing at least one compound structure
MBH	missing at least one compound structure
PECASE	missing at least one compound structure
PPTGS_Cbes	missing at least one compound structure
QueA	missing at least one compound structure
R01196	missing at least one compound structure
R01199	missing at least one compound structure
R01625	missing at least one compound structure
R01626	missing at least one compound structure
R01799	missing at least one compound structure
R01801	missing at least one compound structure
R02030	missing at least one compound structure
R02110_kz	missing at least one compound structure
R02239	missing at least one compound structure
R02240	missing at least one compound structure
R02628	missing at least one compound structure
R02689	missing at least one compound structure
R02918	missing at least one compound structure
R03038	missing at least one compound structure
R03232	missing at least one compound structure
R03646	missing at least one compound structure
R03647	missing at least one compound structure
R03650	missing at least one compound structure
R03651	missing at least one compound structure
R03654	missing at least one compound structure
R03655	missing at least one compound structure
R03656	missing at least one compound structure
R03657	missing at least one compound structure
R03658	missing at least one compound structure
R03659	missing at least one compound structure
R03660	missing at least one compound structure
R03661	missing at least one compound structure
R03662	missing at least one compound structure
R03663	missing at least one compound structure
R03664	missing at least one compound structure
R03665	missing at least one compound structure
R03789	missing at least one compound structure
R03905	missing at least one compound structure
R03940	missing at least one compound structure
R04109	missing at least one compound structure
R04212	missing at least one compound structure
R04377	missing at least one compound structure
R04519	missing at least one compound structure
R04773	missing at least one compound structure
R04929	missing at least one compound structure
R05577	missing at least one compound structure
R05578	missing at least one compound structure
R05743	missing at least one compound structure
R05884	missing at least one compound structure
R06178	missing at least one compound structure
R07159	missing at least one compound structure
R07160	missing at least one compound structure
R07161	missing at least one compound structure
R08210	missing at least one compound structure
R08218	missing at least one compound structure
R08566	missing at least one compound structure
R08567	missing at least one compound structure
R08689	missing at least one compound structure
R10209	missing at least one compound structure
R10807	missing at least one compound structure
R11307_kz	missing at least one compound structure
Rnf	missing at least one compound structure
TECA1S45_Cbes	missing at least one compound structure
TECA2S45_Cbes	missing at least one compound structure
TECA3S45_Cbes	missing at least one compound structure
TECA4S_Cbes	missing at least one compound structure
carb_met	missing at least one compound structure
cellwall_met	missing at least one compound structure
dna_met	missing at least one compound structure
glyASE	missing at least one compound structure
lipid_met	missing at least one compound structure
lta_met	missing at least one compound structure
pro_met	missing at least one compound structure
rna_met	missing at least one compound structure
trace_met	missing at least one compound structure
vb12ABC	missing at least one compound structure
C02917 = C02917	12PD_TP	0.0
C00718_kz + CHB_15377 = 2 C01935_kz	14GLACANASE	4206.303526446194
C00372_kz + CHB_15377 = 2 C01935_kz	16GLACANASE	-154142.7535298956
CHB_30089 = CHB_30089	ACt6	0.0
antim = antim	ANTIMt1	0.0
C11215 = C11215	ARSNAt1	0.0
C06697 = C06697	ARSt1	0.0
CHB_15422 + CHB_15377 = CHB_16761 + CHB_26078	ATPSYN	-29652.66695243836
AX + 3 CHB_15377 = 3 CHB_30089 + XOS	AXE	-58847.776060151926
AXOS + 3 CHB_15377 = XOS + 3 CHB_17535	AbfA	-15600.192286496982
C06010 = CHB_15686 + CHB_16526	Acetoin-Syn	-8735.935084993602
CHB_15686 = CHB_15686	Acetoin-t	0.0
XOS2 + CHB_15377 = XOS + PBC_444791	AguX	3639.542640009866
CHB_15377 + CHB_15422 + CHB_17535 = CHB_16761 + CHB_26078 + CHB_17535	ArabABC	-29652.66695243836
XGOS-xllg + 2 CHB_15377 = XGOS-xxxg + 2 CHB_4139	Bgal	11469.96857871575
C00120 = C00120	BioY	0.0
C00076 + 3 C01330 = C00076 + 3 C01330	CaNaEx	0.0
C01413 = C01413	Cd2efflux	0.0
C00175 = C00175	Co2efflux	0.0
CHB_16236 = CHB_16236	ETOHt1	0.0
C00504 + CHB_15422 + CHB_15377 = C00504 + CHB_16761 + CHB_26078	FolT	-29652.66695243836
C01165 = C03912 + CHB_15377	G5SADs	-30523.25158044728
GOS + 3 CHB_15377 = 4 CHB_4139	GOSASE	18733.65734410254
CHB_15377 + CHB_15422 + CHB_4139 = CHB_16761 + CHB_26078 + CHB_4139	GaltABC	-29652.66695243836
CHB_15377 + CHB_15422 + CHB_4167 = CHB_16761 + CHB_26078 + CHB_4167	GlcABC	-29652.66695243836
C00514 = CHB_18391	HemG	-9290.193097656127
CHB_16651 = CHB_16651	Lac-symp	0.0
CHB_16284 + CHB_15377 = CHB_17713 + CHB_18361	MazG	-58688.17934492245
C00076 + C00305 + CHB_15422 + CHB_15377 = C00076 + C00305 + CHB_16761 + CHB_26078	MgCaAT	-29652.66695243836
C00305 = C00305	MgtE	0.0
C19610 = C19610	MntH	0.0
CHB_15422 + C00144 = CHB_16027 + CHB_15996	NMPK	13597.857306415855
CHB_17552 + CHB_16001 = CHB_15996 + CHB_17794	PGK2	-19483.89682051877
CHB_15361 = CHB_15361	PYRt2	0.0
CHB_18361 + CHB_15377 = 2 CHB_26078	piH	-14500.841980150224
CHB_15361 + C00068 = C05125 + CHB_16526	R00014	-31323.013830939584
2 C00430 = C00931 + 2 CHB_15377	R00036	-105844.92259418621
2 C04332 = C00255 + C04732	R00066	-30956.64373638993
4 C00931 + CHB_15377 = C01024 + 4 CHB_16134	R00084	-100993.75735032203
CHB_15422 + CHB_15377 = CHB_16027 + CHB_18361	R00087	-42467.481000533735
CHB_15422 + CHB_15846 = CHB_16761 + CHB_18009	R00104	-7207.4610018040985
CHB_18050 + CHB_16810 + CHB_16474 = 2 CHB_29985 + CHB_18009	R00114	-58559.561104738794
CHB_15422 + CHB_16027 = 2 CHB_16761	R00127	-2337.0109241924947
CHB_15422 + CHB_57328 = CHB_16761 + CHB_15346	R00130	5477.621773622639
CHB_15422 + CHB_16171 = CHB_18361 + CHB_15846	R00137	-2018.8864654649515
CHB_16134 + CHB_15846 + CHB_15377 = CHB_15429 + CHB_16908	R00143	303269.4657384034
CHB_15422 + CHB_17659 = CHB_16761 + CHB_15713	R00156	-2524.678618475911
CHB_15422 + CHB_16695 = CHB_16761 + CHB_17659	R00158	3476.8324929871014
CHB_15422 + CHB_17621 = CHB_18361 + CHB_16238	R00161	796947.4666863322
CHB_26078 + CHB_18361 + CHB_15414 = CHB_15422 + CHB_16643 + CHB_15377	R00177	-50404.22486446004
CHB_15414 = C01137 + CHB_16526	R00178	-18889.131843192736
CHB_15422 + C00857 + CHB_16134 = CHB_16027 + CHB_18361 + CHB_15846	R00189	45985.85850953171
CHB_16027 + CHB_18361 = CHB_16708 + C00119	R00190	21914.9624199628
CHB_16680 + CHB_15377 = CHB_16335 + CHB_17588	R00192	35494.8473685139
CHB_16680 + CHB_15377 = C03431 + CHB_16134	R00193	-35192.66362954673
CHB_16761 + CHB_18021 = CHB_15422 + CHB_15361	R00200	-30922.71238216074
CHB_16027 + CHB_18021 + CHB_18361 = CHB_15422 + CHB_15361 + CHB_26078	R00206	-18107.898334065074
CHB_16452 = CHB_15361 + CHB_16526	R00217	-23830.636594143056
CHB_15351 + CHB_16908 = CHB_15343 + CHB_15346 + CHB_15846	R00228	18474.010581085837
CHB_15351 + CHB_26078 = CHB_15346 + CHB_15350	R00230	11750.859762737033
CHB_15422 + CHB_29985 = CHB_16761 + C03287	R00239	28566.025076384074
CHB_15422 + CHB_29985 + CHB_16134 = CHB_16761 + CHB_26078 + CHB_18050	R00253	-16769.914118725166
CHB_18050 + CHB_15377 = CHB_29985 + CHB_16134	R00256	-12882.752833713253
CHB_16977 + CHB_16810 = CHB_15361 + CHB_29985	R00258	-712.9281550602173
CHB_29985 = CHB_29989	R00260	1076.2201084629633
CHB_15713 + C00103 = CHB_18361 + CHB_18066	R00289	-14061.154709832743
CHB_18307 = CHB_18066	R00291	-3333.2987647025147
CHB_15422 + CHB_4167 = CHB_16761 + CHB_4170	R00299	-19712.693601214385
CHB_17057 + CHB_15377 = 2 CHB_4167	R00306	-11262.518790602247
CHB_16761 + CHB_15350 = CHB_15422 + CHB_30089	R00315	-12913.430727004685
CHB_15422 + CHB_17552 = CHB_16761 + CHB_15996	R00330	736.7225596167264
CHB_15422 + C00144 = CHB_16761 + CHB_17552	R00332	10524.123822606925
CHB_15589 + CHB_15846 = CHB_16452 + CHB_16908	R00342	31611.136755272615
CHB_30769 + CHB_15346 = CHB_15351 + CHB_15377 + CHB_16452	R00351	33922.514928604825
CHB_29991 + CHB_16810 = CHB_16452 + CHB_29985	R00355	2942.22779559459
CHB_15351 + CHB_15428 = CHB_15346 + C03508	R00371	29517.466199838964
CHB_16977 = CHB_15570	R00401	148.0202787524904
CHB_16264 + CHB_15377 = CHB_63153 + CHB_17659	R00414	1951.9529252001084
CHB_15713 + CHB_7125 = CHB_18361 + CHB_16264	R00416	-34325.54087137431
CHB_16264 = CHB_16650	R00418	2705.7480704756454
CHB_16264 = C01170	R00420	-9038.27565839456
CHB_16264 + 2 CHB_15846 + CHB_15377 = C04573 + 2 CHB_16908	R00421	-25585.99894059566
CHB_15996 + CHB_15377 = C04895 + CHB_15740	R00424	-80696.14382050524
CHB_15996 + 3 CHB_15377 = CHB_15740 + C01304 + CHB_18361	R00425	-89895.14126079471
CHB_15996 + CHB_15377 = C00144 + CHB_18361	R00426	-56065.33830694982
CHB_15996 + CHB_15377 = C05922	R00428	-20781.16974194179
CHB_15422 + CHB_15996 = CHB_16027 + C04494	R00429	-10759.428102695441
CHB_17552 + CHB_18021 + CHB_16526 = CHB_15996 + CHB_16452	R00431	-6355.353228400927
C00680 = CHB_18019 + CHB_16526	R00451	-50454.306277757045
CHB_15422 + CHB_29991 = CHB_16761 + CHB_30407	R00480	17101.055752979068
CHB_29991 + CHB_29806 = C05840 + CHB_30031	R00481_zws	-21171.51380551813
CHB_29991 = CHB_16958 + CHB_16526	R00489	-18290.774336867093
CHB_29991 = CHB_29806 + CHB_16134	R00490	16046.34944539392
CHB_15713 + CHB_37480 = CHB_18361 + CHB_18307	R00502	-4573.389638023567
CHB_15422 + CHB_17361 = CHB_16761 + CHB_17239	R00512	2815.077415893262
CHB_17677 + CHB_15377 = CHB_17361 + CHB_18361	R00515	-57949.840340996714
CHB_15996 + CHB_17562 = CHB_17552 + CHB_17361	R00517	-20399.391589585808
CHB_15422 + CHB_16189 = CHB_18361 + CHB_17709	R00529	38598.874097658496
CHB_15422 + C00255 = CHB_16761 + CHB_17621	R00549	1339274.769326117
CHB_16467 = C00179 + CHB_16526	R00566	2610.4840898174443
CHB_15422 + CHB_17239 = CHB_16761 + CHB_17677	R00570	10330.271000377717
CHB_15422 + CHB_15713 + CHB_18050 + CHB_15377 = CHB_16761 + CHB_26078 + CHB_17677 + CHB_29985	R00573	-17391.236010007182
2 CHB_15422 + CHB_18050 + C00288 + CHB_15377 = 2 CHB_16761 + CHB_26078 + CHB_29985 + CHB_17672	R00575	-614054.2518810418
CHB_15422 + CHB_29991 + CHB_18050 + CHB_15377 = CHB_16027 + CHB_18361 + CHB_17196 + CHB_29985	R00578	-43847.31598404099
CHB_15811 + CHB_15377 = CHB_17115 + CHB_26078	R00582	-10059.896066343092
CHB_17115 + CHB_15351 = CHB_17981 + CHB_15346	R00586	-6756.1598681949545
CHB_15422 + CHB_18385 = CHB_16027 + C00068	R00619	12941.874714399106
C01077 + CHB_16007 = CHB_16643 + CHB_30089	R00651	-239221.61038010858
CHB_17835 = CHB_18021 + CHB_15377	R00658	-1704.4774661831325
CHB_18021 + CHB_16264 = C04631 + CHB_26078	R00660	-45063.4740279869
CHB_15713 + CHB_15377 = CHB_16695 + CHB_18361	R00662	-45756.6457992371
CHB_17115 + CHB_16881 = CHB_16828 + CHB_15377	R00674	-54531.14921622936
C00826 = CHB_17295 + CHB_15377 + CHB_16526	R00691	-104196.31427431674
CHB_17295 + CHB_16810 = CHB_30851 + CHB_29985	R00694	-1669.9484637194837
CHB_16651 + CHB_15846 = CHB_15361 + CHB_16908	R00703	29099.70605936076
CHB_16087 + CHB_15846 = CHB_16810 + CHB_16526 + CHB_16908	R00709	-785.1101171715418
C00826 + CHB_15846 = CHB_17895 + CHB_16526 + CHB_16908	R00732	-49240.976317122346
CHB_17895 + CHB_16810 = C01179 + CHB_29985	R00734	-47225.659684616025
CHB_15422 + CHB_15351 + C00288 = CHB_16761 + CHB_26078 + CHB_15531	R00742	-597151.8444730819
CHB_15343 + CHB_16908 = CHB_16236 + CHB_15846	R00754	-24969.352257970488
CHB_15422 + CHB_61553 = CHB_16761 + CHB_40595	R00756	-14275.10975472373
CHB_15422 + CHB_37721 = CHB_16761 + CHB_61553	R00760	-17759.769272664795
CHB_18361 + CHB_61553 = CHB_26078 + CHB_40595	R00764	876.7152175643714
CHB_18050 + CHB_61553 = CHB_29985 + CHB_58725	R00768	-15937.12082891335
CHB_4170 = CHB_61553	R00771	2687.001137363317
CHB_43896 = CHB_61553	R00772	-116.69569450442214
CHB_17992 + CHB_15377 = CHB_37721 + CHB_4167	R00801	-26441.796409625822
CHB_15978 + CHB_15846 = CHB_16108 + CHB_16908	R00842	29916.54722024576
CHB_15422 + CHB_17754 = CHB_16761 + CHB_15978	R00847	-20804.014861568983
CHB_17677 + CHB_15978 = CHB_18361 + C00513	R00856	-30059.075157532003
CHB_16899 + CHB_15846 = CHB_37721 + CHB_16908	R00868	9712.713466739748
CHB_17552 + CHB_35374 = CHB_26078 + CHB_15820	R00883	4488.532567838905
CHB_15996 + CHB_35374 = CHB_18361 + CHB_15820	R00885	-11400.01496406598
CHB_17561 + CHB_16810 = C00957 + CHB_29985	R00895	-22763.063772413152
CHB_17561 + CHB_16810 = C00957 + C00302	R00896	-14505.084179789177
CHB_17981 + CHB_16136 = CHB_17561 + CHB_30089	R00897	-55799.89061605028
C00100 + CHB_26078 = C02876 + CHB_15346	R00921	30358.402215433773
CHB_15633 + CHB_16908 = CHB_15635 + CHB_15846	R00936	-26845.37122290407
CHB_15633 + CHB_16474 = CHB_15635 + CHB_18009	R00939	-31176.442545113154
CHB_15422 + CHB_15635 + CHB_29985 = CHB_16761 + CHB_26078 + C09332	R00942	-18972.075317065755
CHB_15635 + CHB_15740 + CHB_15422 = CHB_16761 + CHB_26078 + CHB_15637	R00943	-7834.393258909753
CHB_1989 + CHB_15428 + CHB_15377 = CHB_15635 + CHB_17115	R00945	5051.54812784167
CHB_15641 + CHB_17588 = CHB_15635 + CHB_16643	R00946	-181897.85369015014
CHB_15422 + C00103 = CHB_18361 + CHB_15751	R00948	-25435.25708981295
CHB_17057 + CHB_26078 = C00103 + CHB_4167	R00952	16174.078758295858
CHB_15422 + CHB_16704 = CHB_16761 + CHB_16695	R00964	-13907.309512704669
C01103 = CHB_16695 + CHB_16526	R00965	-589.285837561998
CHB_17568 + C00119 = CHB_16695 + CHB_18361	R00966	-23959.248674429313
CHB_15996 + CHB_16704 = CHB_17552 + CHB_16695	R00968	-14644.032072321337
CHB_29748 + CHB_16134 = C00108 + CHB_15361 + CHB_15377	R00985	-93726.48993723844
CHB_29748 + CHB_18050 = C00108 + CHB_15361 + CHB_29985	R00986	-106609.24277095165
C06032 + CHB_15846 = CHB_16763 + CHB_16526 + CHB_16908	R00994	-87.94827429548604
C01118 + CHB_15377 = CHB_16763 + CHB_30031 + CHB_16134	R00999	-37670.597656267375
CHB_16108 + CHB_15377 = C00184 + CHB_26078	R01010	-12872.714906819165
CHB_16108 = CHB_29052	R01015	6517.727817585226
C00670 + CHB_15377 = C00114 + CHB_15978	R01030	-37038.2849259745
CHB_15422 + CHB_52742 = CHB_16027 + C00119	R01049	-689.235175061156
CHB_16960 + CHB_15377 = CHB_16027 + CHB_52742	R01054	-757.8904514926835
CHB_52742 = CHB_17363	R01056	975.8460414316505
CHB_35425 = CHB_52742	R01057	-8783.353760152007
CHB_29052 + CHB_26078 + CHB_15846 = CHB_16001 + CHB_16908	R01061	14174.905550089665
MAN_10201 = CHB_29052 + CHB_15343	R01066	21530.289411289355
CHB_61553 + CHB_29052 = C00279 + CHB_16332	R01067	10426.909571710217
CHB_40595 = CHB_16108 + CHB_29052	R01068	20894.97663758672
C02739 + CHB_18361 = CHB_15422 + C00119	R01071	90894.93601116526
C03090 + CHB_18361 + CHB_29985 = CHB_18050 + C00119 + CHB_15377	R01072	63446.240936240036
C04302 + CHB_18361 = C00108 + C00119	R01073	60310.2840922435
CHB_15422 + C00120 = CHB_18361 + C05921	R01074	-24244.898054553603
C01909 + CHB_17561 + CHB_15414 = C00120 + CHB_16643 + C05198 + CHB_16977	R01078	-213791.86180790848
CHB_15589 = CHB_29806 + CHB_15377	R01082	3369.5214562547917
C03794 = CHB_29806 + CHB_16027	R01083	38569.70612518332
C03406 = CHB_29806 + CHB_16467	R01086	12678.126219715108
CHB_15603 + CHB_16810 = C00233 + CHB_29985	R01090	-7320.560472446901
CHB_15422 + CHB_4139 = CHB_16761 + CHB_37480	R01092	-15111.990356169059
CHB_36219 + CHB_15377 = CHB_4167 + CHB_4139	R01100	-11401.846333505353
CHB_28053 + CHB_15377 = CHB_4139 + CHB_4167	R01101	-10843.471954119392
CHB_16634 + CHB_15377 = CHB_4139 + CHB_17992	R01103	27649.78170591453
C05401 + CHB_15377 = CHB_4139 + CHB_17754	R01104	-653.1477756515378
CHB_17202 + CHB_15377 = CHB_18381	R01127	3376.701423135266
CHB_17202 + CHB_15846 + CHB_15377 = C00655 + CHB_16908	R01130	13223.016360281938
CHB_17202 + CHB_18361 = CHB_17368 + C00119	R01132	30628.284049943693
CHB_15996 + CHB_17202 + CHB_29991 = CHB_17552 + CHB_26078 + C03794	R01135	-22722.313440347556
CHB_15422 + 2 CHB_15570 = CHB_16761 + CHB_26078 + C00993	R01150	-33257.11979882291
C00179 + CHB_15377 = C00134 + CHB_16199	R01157	-51361.89185180252
C00860 + 2 CHB_15846 + CHB_15377 = CHB_15971 + 2 CHB_16908	R01158	-28626.384239883977
C00136 + CHB_16238 = CHB_17877 + C00877	R01175	33152.04779196565
CHB_17268 + CHB_15846 = C00691 + CHB_16908	R01183	9546.306489027338
CHB_17505 + CHB_15377 = CHB_17268 + CHB_4139	R01194	-2348.3757608578308
C04039 = C00141 + CHB_15377	R01209	-42928.30331864531
C00141 + CHB_15346 + CHB_15846 = C00630 + CHB_16526 + CHB_16908	R01210	-24331.748492347193
C02504 + CHB_15346 = CHB_15351 + C00141 + CHB_15377	R01213	20043.972996416152
CHB_16414 + CHB_16810 = C00141 + CHB_29985	R01214	-6261.324620919913
CHB_17094 = C00141 + CHB_16842	R01216	26742.591803470044
CHB_1989 + CHB_18009 = CHB_15638 + CHB_16474	R01220	13208.855516975513
CHB_1989 + CHB_16474 = CHB_15641 + CHB_18009	R01224	-48340.22462896176
CHB_1989 + C00141 + CHB_15377 = CHB_15635 + CHB_17094	R01226	521.3635226179613
C00144 + CHB_18361 = CHB_16235 + C00119	R01229	43412.88936021371
CHB_15422 + C00655 + CHB_16134 = CHB_16027 + CHB_18361 + C00144	R01230	-67886.85540274304
C03912 + CHB_16908 = CHB_17203 + CHB_15846	R01248	-31564.960886276443
C03912 + CHB_16474 = CHB_17203 + CHB_18009	R01251	-35896.03220848541
CHB_15422 + C00249 + CHB_15346 = CHB_16027 + CHB_15525 + CHB_18361	R01280	-27223.647429764824
C01077 + CHB_16136 = CHB_17588 + CHB_30089	R01287	-66982.02949748927
C01118 + CHB_16136 = CHB_17588 + CHB_30031	R01288	-54745.84687532467
CHB_30769 = CHB_16383 + CHB_15377	R01325	8541.264881383293
CHB_15422 + CHB_4208 = CHB_16761 + CHB_43896	R01326	-20938.448884811834
C05400 + CHB_15377 = CHB_4208 + CHB_4139	R01329	10854.034946488304
CHB_15422 + CHB_17272 = CHB_16761 + C02876	R01353	33686.1902331732
CHB_57852 = CHB_30851 + CHB_15377 + CHB_16526	R01373	-91200.42140631
CHB_17672 + CHB_29991 = CHB_26078 + CHB_15859	R01397	-20128.806794071308
CHB_17672 + CHB_15729 = CHB_26078 + CHB_16349	R01398	-26152.499459508355
CHB_17509 + CHB_26078 = CHB_16708 + C04188	R01402	15834.875486181292
CHB_53455 = CHS_388344	R01432	5164.069955624349
XOS + 3 CHB_15377 = 4 CHB_53455	R01433_kz	57342.47996429901
CHB_3528 + CHB_15377 = CHB_17057 + CHB_4167	R01444	-13666.842141897912
2 CHB_17057 = C17207_kz + CHB_15377	R01445_kz	-14292.876343220705
C01102 + CHB_15377 = CHB_16857 + CHB_26078	R01466	-21536.463356752676
C01233 + CHB_15377 = CHB_16000 + CHB_15978	R01470	-35226.1251869252
PBC_444791 = CHB_4126	R01482	1061.9010509052314
CHB_16761 + CHB_16001 = CHB_15422 + CHB_17794	R01512	-20220.619380135497
CHB_17794 + CHB_15846 = CHB_18110 + CHB_16908	R01513	36656.40628208722
CHB_15422 + CHB_16659 = CHB_16761 + CHB_17794	R01514	-13683.974531540938
CHB_17794 = CHB_17835	R01518	3759.2927496687917
CHB_15422 + CHB_28552 = CHB_16761 + CHB_17363	R01526	-31039.424866575573
CHB_17363 = CHB_16332	R01529	-2394.5855571592692
CHB_15422 + CHB_17032 = CHB_16761 + C04442	R01541	-18356.06328851945
C04349 + CHB_16908 = CHB_17032 + CHB_15846	R01542	-9060.336640245398
CHB_17306 + CHB_26078 = CHB_4167 + C00103	R01555	12769.998580674932
CHB_16335 + CHB_26078 = CHB_16708 + CHB_35425	R01561	8941.078975113982
CHB_17748 + CHB_26078 = CHB_17821 + CHB_11563	R01570	14021.230901771574
C00819 + CHB_15377 = CHB_29989 + CHB_16134	R01579	-19343.739468782296
C00647 + CHB_16810 = C00018 + CHB_29989	R01580	-4352.53079452354
CHB_15422 + CHS_388344 = CHB_16761 + CHB_16332	R01639	-28044.765484395728
MAN_10207 + CHB_29052 = CHB_52742 + CHB_16332	R01641	2680.592526434746
C00233 + CHB_15346 + CHB_15846 = C02939 + CHB_16526 + CHB_16908	R01651	-24331.489710684167
C04236 = C00233 + CHB_16526	R01652	-18892.79173322633
CHB_15638 + CHB_15377 = CHB_15637	R01655	-4851.828656706522
CHB_16057 + CHB_16584 = CHB_18361 + C00341	R01658	-92948.87877485863
CHB_15918 + CHB_15377 = CHB_17622 + CHB_16134	R01663	-20424.678853185702
CHB_15422 + CHB_15918 = CHB_16761 + CHB_28846	R01665	-146.7977837381768
CHB_16311 + CHB_15377 = CHB_15918 + CHB_18361	R01668	-55253.57666351463
C01269 = CHB_29748 + CHB_26078	R01714	-59848.13676070451
CHB_29748 = CHB_57852	R01715	-44695.62701245042
CHB_29748 + CHB_18050 = CHB_35181 + CHB_29985	R01716	-17889.135304267344
CHB_28189 + CHB_15377 = 2 CHB_4167	R01718	-6422.929299138137
CHB_15940 + C00119 + CHB_15422 + CHB_15377 = CHB_15763 + CHB_18361 + CHB_16761 + CHB_26078	R01724	-39329.46416207399
CHB_57852 + CHB_15846 = C01179 + CHB_16526 + CHB_16908	R01728	-81800.79467001231
CHB_15422 + CHB_18391 = CHB_16761 + CHB_48928	R01737	-14978.732028182887
CHB_17535 = MAN_10208	R01761	5429.683015991992
C02474_kz + 5 CHB_15377 = 6 CHB_17535	R01762	-16499.571033258573
CHB_15422 + CHB_15699 = CHB_16761 + C01102	R01771	-12241.356242600014
CHB_15699 + CHB_18009 = CHB_18051 + CHB_16474	R01775	28148.097139882506
CHB_15351 + CHB_15699 = CHB_15346 + C01077	R01776	-14971.923234830727
C06441 = CHB_16108 + CHB_17071	R01785	11945.88565580477
C01935_kz + 2 CHB_15377 = 2 CHB_4167 + CHB_17306	R01790_kz	6434.437730239413
CHB_43896 = CHB_35374	R01818	5776.084391751094
CHB_18021 + C00279 + CHB_15377 = CHB_18150 + CHB_26078	R01826	-76142.4323822498
C00447 = CHB_16108 + C00279	R01829	6027.989712058858
CHB_16497 + CHB_15377 = CHB_16192 + CHB_18361	R01855	-47588.197821299924
CHB_16497 + CHB_15377 = CHB_17172 + CHB_18036	R01856	2839887.3182652695
CHB_15422 + C00100 + C00288 = CHB_16761 + CHB_26078 + CHB_15466	R01859	-586845.278305961
CHB_17596 + CHB_26078 = CHB_17368 + CHB_35425	R01863	8723.360150558234
CHB_30864 + CHB_15846 = CHB_30839 + CHB_16908	R01869	16582.66655267577
C01103 + CHB_18361 = CHB_30839 + C00119	R01870	55934.95619125011
CHB_16704 + CHB_26078 = CHB_17568 + CHB_35425	R01876	6709.714048842201
CHB_17562 + CHB_15377 = CHB_16704 + CHB_16134	R01878	-18706.34875164865
CHB_16087 = CHB_16383 + CHB_15377	R01900	466.1421744055551
CHB_15422 + MAN_10210 = CHB_16761 + C06441	R01902	-20610.667480910255
C01137 + C00134 = CHB_17509 + C00315	R01920	23171.914478244304
CHB_15422 + CHB_16349 + CHB_29991 = CHB_16027 + CHB_18361 + C03406	R01954	-670.2040332392789
CHB_17172 + CHB_26078 = CHB_16235 + CHB_11563	R01969	21864.528097825707
CHB_4153 = CHB_17886	R01983	4287.025883225317
CHB_30864 + CHB_15377 = CHB_15859	R01993	-3829.7896578049404
C00341 + CHB_16584 = CHB_18361 + C00448	R02003	-90648.3126287146
CHB_48928 = C04442 + CHB_15377	R02036	-41277.02909776839
CHB_15784 + CHB_15377 = CHB_58725 + CHB_30089	R02059	-4575.420602238737
CHB_27625 = CHB_58725	R02060	-3063.8090396845946
C00448 + CHB_16584 = CHB_18361 + C00353	R02061	-90648.31262871355
CHB_15422 + CHB_37515 = CHB_16761 + CHB_40595	R02071	-14709.782328168978
CHB_15422 + CHB_16192 = CHB_16761 + CHB_28862	R02090	1823.9985535394517
CHB_15422 + CHB_18075 = CHB_16761 + CHB_18077	R02093	11062.119610755937
CHB_15422 + CHB_63528 = CHB_16761 + CHB_18075	R02094	2048.8024425578187
CHB_15422 + CHB_17622 = CHB_16761 + C01346	R02098	18493.464638119738
CHB_17625 + CHB_15377 = CHB_17622 + CHB_18361	R02100	-58907.04016813153
C00718_kz = C00369_kz	R02110	0.0
C01935_kz + CHB_15377 = 2 CHB_17306	R02112_kz	21101.03669846311
CHB_9533 + CHB_15377 = CHB_18385 + CHB_26078	R02135	-37958.1964385646
C00655 + CHB_18361 = CHB_17712 + C00119	R02142	42055.164438964624
CHB_16750 + CHB_26078 = CHB_16235 + CHB_35425	R02147	14339.573909947183
CHB_17191 + CHB_16810 = C00671 + CHB_29985	R02199	-13172.44871661556
CHB_15633 + CHB_18009 = C00504 + CHB_16474	R02236	-1768.640708916122
CHB_15422 + C00921 + CHB_29985 = CHB_16761 + CHB_26078 + CHB_15633	R02237	-14276.487748880812
C02917 + CHB_15846 = CHB_18041 + CHB_16908	R02258	23186.44661976467
CHB_6220 = CHB_16108 + CHB_18041	R02262	20949.854131169646
MAN_10211 = CHB_16108 + CHB_18041	R02263	7336.355504108651
C00430 = C03741	R02272	9243.366889884172
CHB_16543 + CHB_29985 = CHB_15729 + CHB_44337	R02282	4216.177720135951
CHB_16543 + CHB_16810 = C01250 + CHB_29985	R02283	-8101.322656177625
CHB_18051 + CHB_26078 + CHB_18009 = CHB_30407 + CHB_16474	R02291	11435.599558813468
CHB_15927 + CHB_26078 = CHB_17154 + CHB_35425	R02294	-30846.819690154603
C05841 + CHB_26078 = CHB_15940 + CHB_35425	R02295	-7124.47588293493
CHB_17562 + CHB_26078 = CHB_16040 + CHB_35425	R02296	13861.046810015745
CHB_18107 + CHB_26078 = CHB_17712 + CHB_35425	R02297	8717.431014272472
C03169 + CHB_26078 = C00396 + CHB_35425	R02298	-6814.939214741578
CHB_15422 + C03479 = CHB_16761 + CHB_26078 + CHB_15638	R02301	-56834.371083875245
CHB_16171 + CHB_15377 = CHB_15763 + CHB_16134	R02322	-45264.470641016
CHB_18077 + C00103 = CHB_18361 + CHB_15700	R02328	-14573.642894370714
C03506 = CHB_16881 + CHB_29052	R02340	-27287.226137974125
POS + CHB_15377 = 2 C02273	R02360_kz	4206.220316801453
CHB_15422 + CHB_16119 = CHB_16761 + C03175	R02412	-968.7171200705925
CHB_16119 + CHB_18009 = CHB_30918 + CHB_16474	R02413	49307.14882102539
8 CHB_15751 + CHB_15377 = 8 CHB_16761 + C00718_kz	R02421	-124967.30450146462
CHB_62346 = MAN_10205	R02437	281.61627791973297
CHB_15422 + MAN_10208 = CHB_16761 + CHB_17666	R02439	-14056.292393654643
CHB_4126 + CHB_16908 = C00514 + CHB_15846	R02454	-6856.710362317215
CHB_15980 + CHB_18009 = CHB_17094 + CHB_16474	R02472	23865.589406622166
CHB_15422 + CHB_15980 + CHB_16958 = CHB_16027 + CHB_18361 + CHB_16454	R02473	-46899.7685260945
CHB_16450 + CHB_26078 = CHB_17568 + CHB_11563	R02484	15056.442772085313
CHB_15698 + CHB_15377 = CHB_16450 + CHB_16134	R02485	-16900.23280004706
C00542 + CHB_30031 = C01118 + CHB_17561	R02508	63125.93511297018
CHB_15422 + CHB_30745 + CHB_15346 = CHB_16027 + CHB_18361 + C00582	R02539	-19990.806717494095
CHB_17256 + CHB_26078 = CHB_16708 + CHB_11563	R02557	15609.13174493541
C00844 + CHB_15377 = C00561 + CHB_4167	R02558	690.9942681747489
CHB_37515 = CHB_16108 + C00577	R02568	20940.73783762753
CHB_15422 + CHB_44337 = CHB_16761 + C04133	R02649	22857.116132057214
CHB_63153 + CHB_17659 = C01170 + CHB_15377	R02707	-10990.228583594697
C00700 + CHB_15377 = C00655 + CHB_18361	R02720	-48254.623167937854
CHB_17115 + C03506 = CHB_16828 + CHB_29052 + CHB_15377	R02722	-81818.37535420354
CHB_16551 + CHB_26078 = CHB_4167 + C00103	R02727	16198.595045317139
C00103 = CHB_4170	R02728	-17496.62419767416
C04390 + CHB_15377 = CHB_30089 + CHB_16026	R02733	-4241.850781155634
C04421 + CHB_15377 = CHB_30031 + CHB_16026	R02734	7994.743947417504
CHB_16026 = C00680	R02735	-677.7898110629758
C05512 + CHB_26078 = CHB_17368 + CHB_11563	R02748	-1011.814897557022
CHB_11563 = MAN_10201	R02749	-3629.361509975686
CHB_15774 + CHB_18009 = C00688 + CHB_16474	R02777	18137.666680666152
CHB_15422 + C01212 + CHB_29989 = CHB_16761 + CHB_26078 + C00692	R02783	-32490.638798639004
CHB_15422 + C00692 + C00680 = CHB_16761 + CHB_26078 + C04877	R02788	-39672.98350720754
C02532 + CHB_15377 = CHB_16523 + CHB_26078	R02853	-18896.763105175283
C00748 = C14818 + C05778	R02864	-511.9648158813361
C01137 + C00315 = CHB_17509 + C00750	R02869	23169.826154227732
C02013 + 2 CHB_15377 = 2 CHB_4167 + CHB_17057	R02887_kz	3030.3575526181958
C05399 + CHB_15377 = CHB_17924 + CHB_4139	R02926	1726.6355288503692
CHB_15422 + C00831 = CHB_16761 + C01134	R02971	-14607.289108645404
CHB_15700 = C02097	R02984	-7194.235851162579
C08325 + CHB_15377 = C00844 + CHB_4167	R02985	5295.914220462204
CHB_15422 + CHB_15763 = CHB_18361 + C00857	R03005	-45207.7553345139
CHB_16996 + CHB_15377 = C00860 + CHB_26078	R03013	-13280.552035364875
CHB_15422 + MAN_10205 = CHB_16761 + MAN_10211	R03014	-2813.259592843766
CHB_15422 + CHB_16454 = CHB_16761 + C03492	R03018	-15820.649563103798
CHB_17440 + CHB_15377 = CHB_16836 + CHB_26078	R03024	-76075.01642168697
CHB_15422 + C01134 = CHB_18361 + CHB_57328	R03035	-64614.05655755341
C01300 + C00568 = C00921 + CHB_15377	R03066	-28009.217384614778
C04807 + C00568 = CHB_18361 + C00921	R03067	-61227.266611154075
CHB_18150 = CHB_32364 + CHB_26078	R03083	-127879.04358064447
CHB_32364 = CHB_30918 + CHB_15377	R03084	-5032.084246520448
CHB_17981 + C00320 = C05824 + CHB_30089	R03132	-78547.03231430819
CHB_2181 = MAN_10202	R03163	5999.559516233276
C01024 = C01051 + CHB_15377	R03165	-242508.524605558
C00671 + CHB_15346 + CHB_15846 = C15980 + CHB_16526 + CHB_16908	R03171	-24331.508824561257
CHB_15422 + C01037 + CHB_16526 = CHB_16761 + CHB_26078 + C01909	R03182	-15770.657019707432
C04631 + CHB_16908 = C01050 + CHB_15846	R03191	-54208.71388632688
C04631 + CHB_16474 = C01050 + CHB_18009	R03192	-58539.78520853631
CHB_15422 + C01050 + CHB_16977 = CHB_16761 + CHB_26078 + C01212	R03193	-36270.6959171886
2 CHB_15414 + C01051 = 2 CHB_16680 + C02463	R03194	161903.80330969114
C01051 = C03263 + 4 CHB_16526	R03197	-74347.17726402462
C01077 + CHB_17561 = C02291 + CHB_30089	R03217	-75362.11773513485
C04752 + C04327 = CHB_18361 + CHB_9533	R03223	-20101.600974899426
CHB_15414 + C01092 = C04425 + C01037	R03231	-749.2944176871679
CHB_15422 + MAN_10202 = CHB_16761 + CHB_6220	R03241	-19285.729839061503
CHB_16996 + CHB_16810 = CHB_16426 + CHB_29985	R03243	-7974.963362939481
C01118 + CHB_17561 = C02291 + CHB_30031	R03260	-63125.935112970416
C04352 = C01134 + CHB_16526	R03269	-18894.248586320784
C04281 + CHB_16908 = C01157 + CHB_15846	R03291	-56089.62240721955
C04281 + CHB_16474 = C01157 + CHB_18009	R03293	-60420.693729428574
C01165 + CHB_26078 + CHB_18009 = C03287 + CHB_16474	R03313	20056.867271454306
CHB_15763 + CHB_18361 + CHB_16526 = C03722 + C00119	R03348	21424.924240050546
C01250 + CHB_26078 + CHB_18009 = C04133 + CHB_16474	R03443	20066.65518325474
C04666 = CHB_16426 + CHB_15377	R03457	-47753.95998976476
C04454 + CHB_18009 = C01268 + CHB_16474	R03458	23110.77810060873
C01304 + CHB_15377 = C01268 + CHB_16134	R03459	25648.10463755674
CHB_18021 + C03175 = CHB_26078 + C01269	R03460	-36090.32376792602
CHB_15422 + C01279 = CHB_16761 + C04556	R03471	-14594.000807229808
CHB_28843 + CHB_15414 = C04556 + C05198 + CHB_16643 + CHB_15740 + C00237	R03472	-174614.85035303538
CHB_15422 + C01300 = CHB_16027 + C04807	R03503	-9249.431773994525
C01302 = C03506 + CHB_16526 + CHB_15377	R03508	-58598.98399579429
C04302 = C01302	R03509	-5577.763514050224
C01345 + CHB_15377 = C06196 + CHB_18361	R03531	-48266.271573921375
CHB_17981 + C01528 = C05688 + CHB_30089	R03601	291781.16103165963
CHB_17164 + CHB_15377 = CHB_16634 + CHB_4139	R03634	896.0571287480416
C02013 + CHB_15377 = CHB_3528 + CHB_4167	R03801	16697.19969451634
C06218 + CHB_15377 = C02013 + CHB_4167	R03802	-1006.4628129492339
CHB_30934 = CHB_30719 + CHB_15377	R03896	5682.829684248369
CHB_30719 + CHB_15377 = C06032	R03898	11512.949345380097
C02463 + CHB_15846 = C05778 + CHB_16908	R03947	-9328.792869133875
C02504 = C02631 + CHB_15377	R03968	-11046.425487430766
C04411 = C02631 + CHB_15377	R04001	-19458.815365529037
C02739 + CHB_15377 = C02741 + CHB_18361	R04035	-48421.322540780646
C02741 + CHB_15377 = C04896	R04037	24226.64259617962
C02999 + CHB_15377 = C02713 + CHB_16977	R04112	6618.2826155084185
CHB_15422 + C03090 + CHB_15428 = CHB_16761 + CHB_26078 + C03838	R04144	-36112.46638952807
CHB_15811 + CHB_16810 = CHB_18110 + CHB_29985	R04173	11647.38294129874
C20258 + CHB_16908 = C03972 + CHB_15846 + CHB_15377	R04198	-59054.01838460355
C20258 + CHB_16474 = C03972 + CHB_18009 + CHB_15377	R04199	-63385.08970681272
C03356 = C04309 + CHB_15377	R04206	-9490.56027254599
CHB_15422 + C04640 = CHB_16761 + CHB_26078 + CHB_28843	R04208	-43089.249690984434
CHB_17677 + C03492 + CHB_17561 = CHB_17361 + CHB_18361 + C04352	R04231	-76059.42774769897
C03722 + 2 CHB_15377 + CHB_26078 = C05840 + CHB_16108	R04292	224449.05923043357
CHB_15637 + C03838 = CHB_15635 + C04376	R04325	-6159.220365543151
C03838 + CHB_15638 + CHB_15377 = C04376 + CHB_15635	R04326	-11011.049022249761
CHB_18406 + CHB_18361 = C04051 + C00119	R04378	55347.336613339954
C04053 = C04349	R04383	-4493.316056126845
CHB_15422 + C04079 = CHB_16761 + C04352	R04391	-14606.800266313949
C04489 + CHB_17588 = C04144 + CHB_16643	R04405	-201862.15506859025
C04188 = C04582	R04420	-5287.928848281968
C04411 + CHB_15846 = C04236 + CHB_16908	R04426	13280.106137141003
C04272 + CHB_18009 = C04181 + CHB_16474	R04440	17534.348257980484
C04272 = C00141 + CHB_15377	R04441	-42928.30331864531
C04732 + C15556 = C04332 + 2 CHB_15377 + CHB_26078	R04457	-134795.8154847023
CHB_15422 + C04376 + CHB_18050 + CHB_15377 = CHB_16761 + CHB_26078 + C04640 + CHB_29985	R04463	18538.848965357152
CHB_15422 + C04556 = CHB_16761 + C04752	R04509	2191.5150309078163
C04823 = CHB_29806 + CHB_18406	R04559	31365.876410449622
CHB_15637 + CHB_18406 = CHB_15635 + CHB_18381	R04560	9261.487474749214
CHB_15422 + C05892 + C00993 = CHB_16761 + CHB_26078 + C04702	R04573	-39581.063585143595
CHB_15422 + CHB_28413 + CHB_29991 = CHB_16761 + CHB_26078 + C04823	R04591	-39956.460862117645
CHB_15422 + C04877 + C00993 = CHB_16761 + CHB_26078 + C04882	R04617	-39581.29429701803
C04895 + 3 CHB_15377 = C04874 + 3 CHB_26078	R04620	-78662.42669401006
C06148 = C04895 + CHB_15377	R04639	-33704.86125237934
C04896 = C04916	R04640	-5587.5926384447375
C06010 + C00068 = C05125 + CHB_15361	R04672	12451.071350709535
C05270 + CHB_16238 = CHB_28706 + CHB_17877	R04751	39297.87813124375
CHB_15422 + C05335 + CHB_15377 = CHB_26078 + CHB_18361 + C05691	R04771	-78641.42161771198
C05403 + CHB_15377 = C05394 + CHB_4167	R04783	-1006.484763075161
C05692 + CHB_15377 = CHB_16335 + C05698	R04936	56105.39761809114
C05702 + C05688 = C05699 + CHB_26078	R04944	254094.90551124484
C01077 + C05688 = C05699 + CHB_30089	R04945	255662.90153920767
C01118 + C05688 = C05699 + CHB_30031	R04946	267899.08416137216
C05766 = C05768 + 4 CHB_16526	R04972	-74347.28539714636
C05839 + CHB_15377 = C05838 + CHB_4167	R04998	58326.63742398989
CHB_15422 + C05893 + CHB_16134 = CHB_16761 + CHB_26078 + C05894	R05030	-17489.807298794913
C05897 + CHB_16264 = C05898 + CHB_17659	R05032	-2559.9107585774036
C05922 + CHB_15377 = C05923 + CHB_15740	R05046	-20914.1382808419
C05923 = C06148	R05048	-5295.974545342266
C05947 + CHB_16810 = C05946 + CHB_29985	R05052	-14657.125935629709
C06007 + CHB_18009 = C14463 + CHB_16474	R05068	17534.78903679864
C06006 = C14463	R05069	0.6429930520243943
C06007 = C00671 + CHB_15377	R05070	-42927.99757216056
C06010 = C04181	R05071	0.454331653600093
C06055 + CHB_16810 = C06054 + CHB_29985	R05085	-14420.397937806556
C06055 + CHB_15377 = C06056 + CHB_26078	R05086	-15425.269796190434
C06216 + CHB_15377 = C06217 + CHB_4167	R05141	-1006.4620852866501
C06217 + CHB_15377 = C06218 + CHB_4167	R05142	-1006.4624575074122
C06376 + CHB_15377 = C06377 + CHB_30089	R05168	-5026.995745404129
CHB_15351 + CHB_27625 = CHB_15346 + CHB_7125	R05332	-25044.402460827143
C05404 + CHB_15377 = CHB_4139 + CHB_28053	R05549	29705.418408402707
CHB_35181 = C00568 + CHB_15361	R05553	-88715.49384865504
C04442 = CHB_29052 + CHB_15361	R05605	14787.81497371901
C00514 = CHB_17032 + CHB_15377	R05606	-47189.890935087955
C04574 + CHB_15377 = C17556 + CHB_26078	R05627	-31563.602174053085
C04702 + C17556 = CHB_16695 + C04851	R05629	12525.766026134603
C04882 + C17556 = CHB_16695 + C05897	R05630	12525.976767535787
C11434 + CHB_17677 = C11435 + CHB_18361	R05633	-49507.921459869016
C11435 + CHB_15422 = C11436 + CHB_16761	R05634	-4347.4599008575315
CHB_15361 + CHB_29052 = C11437 + CHB_16526	R05636	-33193.72941534092
C11436 = C11453 + CHB_17361	R05637	1848261.935435298
C04851 + CHB_16264 = C05893 + CHB_17659	R05662	-2559.777418380836
CHB_16108 + CHB_16908 = C00623 + CHB_15846	R05679	-10496.100667866645
CHB_16108 + CHB_16474 = C00623 + CHB_18009	R05680	-14827.171990075556
C11434 + CHB_18009 = C11437 + CHB_16474	R05688	21344.699237967143
C04203 + CHB_17296 + 2 CHB_18009 = C03764 + 2 CHB_16474	R05711	54528.2822719363
C11536 + CHB_15377 = C11537 + CHB_26078	R05789	-20665.4445396793
CHB_16410 + CHB_16810 = CHB_17310 + CHB_29989	R05839	-2947.136668031104
CHB_17666 = CHB_16332	R05850	-322.559092604788
C00448 + 8 CHB_16584 = C04574 + 8 CHB_18361	R06447	-725186.5010297121
CHB_15700 = C11907 + CHB_15377	R06513	-80134.79710285654
C11907 = C00688	R06514	0.0
C12214 + CHB_52742 = C12215 + MAN_10207	R06590	-315.18088307231665
CHB_1989 + CHB_17622 + CHB_16474 = CHB_15635 + CHB_63528 + CHB_18009	R06613	-85472.36009252875
C03263 + 2 CHB_15414 = C01079 + 2 CHB_16526 + 2 CHB_16643 + 2 C05198	R06895	-299652.75632066675
CHB_17044 + CHB_15846 = CHB_61553 + CHB_16908	R07133	13952.154808683437
CHB_1989 + CHB_16908 = CHB_15641 + CHB_15846	R07168	-44009.15330675262
2 CHB_15346 + CHB_18009 = C02015 + CHB_16474	R07175	29787.253460865468
CHB_15414 + C01051 = CHB_16680 + C15527	R07237	87991.93876862677
CHB_15414 + C15527 = CHB_16680 + C02463	R07238	73911.86454106472
C19632 + CHB_26078 = CHB_4167 + C00103	R07264_kz	11580.878689726349
C04454 + CHB_15377 = C04732 + CHB_26078	R07280	-15626.482553084526
CHB_17363 = C15556 + CHB_15740	R07281	-79997.55433574895
CHB_15351 + CHB_15361 + CHB_15377 = CHB_30934 + CHB_15346	R07399	-39343.31514402738
CHB_15422 + CHB_28843 + C00288 = CHB_16761 + CHB_26078 + C15667	R07404	-587414.8819194033
C15667 = CHB_28413	R07405	-32198.731050620554
C02273 + CHB_15377 = 2 CHB_4153	R07413	6759.644122541562
CHB_29052 + CHB_17363 + CHB_18050 = C00018 + CHB_29985 + CHB_26078 + 3 CHB_15377	R07456	-321394.38973688136
C16675 + 2 CHB_18009 = C15996 + 2 CHB_16474	R07605	33085.09617769043
CHB_16026 + CHB_16810 = C03972 + CHB_29985 + CHB_15377	R07613	-69156.97658786864
C04900 + CHB_15377 = C12632 + PBC_444791	R08127	62953.60541894016
C02630 + CHB_15846 = CHB_16810 + CHB_16908	R08198	19610.520894185873
C16635 + CHB_15377 = C12739 + CHB_16134	R08221	-21060.316607059824
C07649 + C00119 = C16634 + CHB_18361	R08231	-49215.627582302026
C02380 + C00119 = C04646 + CHB_18361	R08237	1311951.9624593067
C16614 + C00119 = C16615 + CHB_18361	R08238	-50286.06799874181
C04646 + CHB_15846 + CHB_15377 = C16618 + CHB_16908	R08240	224219.53235852183
C16618 + CHB_15422 + CHB_18050 + CHB_15377 = C16619 + CHB_16027 + CHB_18361 + CHB_29985	R08244	-253187.31671104932
C07648 + C00119 = C16619 + CHB_18361	R08245	1312478.4394235134
C11376 + CHB_15377 = C11173 + PBC_444791	R08260	62979.68072600558
C01137 + C01672 = CHB_17509 + C16565	R08359	23171.91804153846
C15586 + CHB_26078 = C15587 + CHB_35425	R08368	33200.98062811635
CHB_16027 + C00094 + CHB_16238 = CHB_17709 + CHB_17877	R08553	-509715.3731509996
MAN_10207 + CHB_29052 = C00279 + CHB_61553	R08575	1354.5002484753495
C02492_kz + CHB_15377 = 2 C17207_kz	R08612_kz	4206.303526446223
C17207_kz + 3 CHB_15377 = 4 CHB_4208	R08614_kz	7885.647223876353
CHB_15361 + CHB_16763 = C06006 + CHB_16526	R08648	-38782.904022545
CHB_15422 + C00288 + C00136 = CHB_16761 + CHB_26078 + C18026	R08924	-600699.1724129843
C02962 = C18096	R09030	-4493.325533201045
CHB_17115 + C01217 = C04377 + CHB_15428 + CHB_15377	R09099	-23424.12234084052
C05698 + C04489 = C05335 + C04144	R09365	-51594.43715558387
CHB_15996 + CHB_15414 + CHB_16908 = C21310 + C05198 + CHB_16643 + CHB_15846	R09394	-253858.72912860126
CHB_15422 + C19709 + CHB_29991 = CHB_16761 + CHB_26078 + C19710	R09592	-38744.16541399405
CHB_15422 + C19710 + CHB_16467 = CHB_16761 + CHB_26078 + C19713	R09593	-18161.104489703546
CHB_17509 + CHB_15377 = C19787 + CHB_16134	R09660	-24957.7625935745
CHB_15422 + C05924 = CHB_18361 + C19848	R09726	817313.7448104715
C19848 + C06232 = C18237 + CHB_16027 + CHB_15377	R09735	-1185885.5354170364
C01674 + CHB_26078 = CHB_506227 + CHB_7125	R09942	20690.675010404084
C20251 = C00691	R09952	0.0
C04895 + CHB_15377 = C20239 + CHB_15343 + CHB_18036	R09959	2760293.9711370915
C20248 + CHB_16134 + CHB_15422 = C15996 + CHB_16761 + CHB_26078 + CHB_15377	R09978	-6863.374491121009
C20239 = C20248 + CHB_16134	R10002	-38280.24663729477
C05143 + CHB_15377 = C03742 + CHB_4167	R10035	691.0182326377253
C08334 + CHB_15377 = C18796 + CHB_4167	R10039	-4052.0026119522227
C01594 + CHB_15377 = C02659 + CHB_4167	R10040	-4051.9987112976523
CHB_52742 + CHB_29052 + CHB_18050 = C00018 + CHB_29985 + 3 CHB_15377 + CHB_26078	R10089	-320418.54369544936
CHB_18051 + CHB_15361 = C20258 + CHB_15377	R10147	-78211.27199906064
C04411 = C02504	R10170	-8412.38987809827
C20463 + CHB_26078 = C15587 + CHB_11563	R10244	13598.237408937595
C04807 + C20559 = C20562 + CHB_18361	R10339	-61133.39718634117
C04752 + C20247 = CHB_9533 + CHB_18361 + CHB_16526	R10712	-32492.36059795774
C20861 = C20236	R10810	0.0
C17207_kz + 2 CHB_26078 = C20861 + 2 CHB_35374	R10811_kz	35026.58909023553
C11453 + C02745 = C11811 + CHB_15377 + C02869	R10859	-1906417.0435416277
C04865 + CHB_15377 = C04053 + C04255	R10867	27692.773243011878
C02013 + CHB_15377 = 2 CHB_17057	R11308_kz	14292.876343220676
C02013 + 3 CHB_15377 = 4 CHB_4167	R11308_kz2	-8232.161237983819
C04752 + C20246 = CHB_18361 + CHB_9533 + CHB_16526	R11312	-45421.25460731238
CHB_18077 + CHB_15377 = CHB_63528 + CHB_18361	R11323	-57915.41397803975
C21310 + CHB_15377 = C18239 + CHB_18361	R11372	1334006.5041991835
C21336 + CHB_26078 = CHB_4208 + CHB_35374	R11398_kz	16329.959237974428
C18237 + CHB_15996 = C19871 + CHB_18361	R11581	1069820.4605573313
CHB_17886 = CHB_4126	R11624	-5068.551832428726
CHB_15996 + CHB_15740 = CHB_16497 + CHB_16526 + CHB_15377	R11633	-89014.35832281588
CHB_15422 + CHB_15740 = CHB_16284 + CHB_16526 + CHB_15377	R11634	-89403.65123047263
CHB_15713 + CHB_15740 = CHB_17625 + CHB_16526 + CHB_15377	R11635	-91641.7059752683
CHB_17677 + CHB_15740 = CHB_16311 + CHB_16526 + CHB_15377	R11636	-100014.67440284332
C04895 = C01300 + C21615	R11719	-6685.297975373542
C04916 + CHB_16134 = CHB_18406 + C04666 + CHB_15377	R12152	-68442.10108976986
rhaos + CHB_15377 = 2 CHB_62346	Ram106B	3853.0878638465365
POS2 + CHB_15377 = C04053 + CHB_62346	RhiN	27516.152114110155
C00255 + CHB_15422 + CHB_15377 = C00255 + CHB_16761 + CHB_26078	RibU	-29652.66695243836
CHB_15422 + CHB_17561 + C11437 + CHB_17895 = C04327 + CHB_16977 + CHB_16027 + CHB_16526 + CHB_15377 + CHB_18361 + C17467	THZPSN	-238962.25678721847
C00237 = C00237	TP_CO	0.0
CHB_16526 = CHB_16526	TP_CO2	0.0
C00282 = C00282	TP_H2	0.0
CHB_16134 = CHB_16134	TP_NH3	0.0
CHB_18385 = CHB_18385	ThiT	0.0
C00238 = C00238	TrkH	0.0
C01630 + CHB_15377 = 2 CHB_53455	XLBASE	26568.074970281683
XOS + CHB_15377 = 2 C01630	XOSASE	4206.330023735762
XGOS-xxxg + 3 CHB_15377 = 3 CHB_53455 + C02013	XylS	65068.70437004953
C00707_kz + 2 CHB_15377 = 2 XOS + AXOS	Xylase	8412.574995486531
CHB_15377 + CHB_15422 + CHB_53455 = CHB_16761 + CHB_26078 + CHB_53455	XyloseABC	-29652.66695243839
C00038 = C00038	Zn2efflux	0.0
AXOS + CHB_15422 + CHB_15377 = AXOS + CHB_16761 + CHB_26078	axosABC	-29652.66695243836
C00076 + CHB_15422 + CHB_15377 = C00076 + CHB_16761 + CHB_26078	caEfflux	-29652.66695243836
CHB_17057 + CHB_15422 + CHB_15377 = CHB_17057 + CHB_16761 + CHB_26078	celbABC	-29652.66695243836
C00175 + CHB_15377 + CHB_15422 = C00175 + CHB_16761 + CHB_26078	coEfflux	-29652.66695243836
C02013 + CHB_15422 + CHB_15377 = C02013 + CHB_16761 + CHB_26078	cosABC	-29652.66695243836
C00070 + CHB_15422 + CHB_15377 = C00070 + CHB_16761 + CHB_26078	cuEfflux	-29652.66695243836
CHB_17561 = CHB_17561	cysT	0.0
C14818 + CHB_15996 + CHB_15377 = C14818 + CHB_17552 + CHB_26078	fe2t	-30389.389512055088
CHB_2181 + CHB_15377 + CHB_15422 = CHB_2181 + CHB_16761 + CHB_26078	fucABC	-29652.66695243836
CHB_16526 + CHB_15377 = C00288	hco3	589940.9681061115
C00288 + CHB_15422 + CHB_15377 = C00288 + CHB_16761 + CHB_26078	hco3ABC	-29652.66695243836
CHB_15422 + CHB_15377 + CHB_17191 = CHB_16761 + CHB_26078 + CHB_17191	ileABC	-29652.66695243836
C19632 + CHB_15422 + CHB_15377 = C19632 + CHB_16761 + CHB_26078	kojABC	-29652.66695243836
CHB_36219 + CHB_15377 + CHB_15422 = CHB_36219 + CHB_16761 + CHB_26078	lacABC	-29652.66695243836
CHB_15422 + CHB_15377 + CHB_15603 = CHB_16761 + CHB_26078 + CHB_15603	leuABC	-29652.66695243836
CHB_17306 + CHB_15422 + CHB_15377 = CHB_17306 + CHB_16761 + CHB_26078	malABC	-29652.66695243836
CHB_15589 = CHB_15589	malateT	0.0
CHB_4208 + CHB_15377 + CHB_15422 = CHB_4208 + CHB_16761 + CHB_26078	manABC	-29652.66695243836
C01935_kz + CHB_15422 + CHB_15377 = C01935_kz + CHB_16761 + CHB_26078	mdosABC	-29652.66695243836
CHB_28053 + CHB_15377 + CHB_15422 = CHB_28053 + CHB_16761 + CHB_26078	melibABC	-29652.66695243836
C06232 + CHB_15422 + CHB_15377 = C06232 + CHB_16761 + CHB_26078	moABC	-29652.66695243836
C17207_kz + CHB_15422 + CHB_15377 = C17207_kz + CHB_16761 + CHB_26078	mosABC	-29652.66695243836
C01342 = CHB_16134	nh4	-85046.58149760084
C01342 = C01342	nh4t	0.0
C19609 + CHB_15422 + CHB_15377 = C19609 + CHB_16761 + CHB_26078	niUpt	-29652.66695243836
CHB_26078 + CHB_15422 + CHB_15377 = 2 CHB_26078 + CHB_16761	piABC	-29652.66695243836
CHB_18361 + CHB_15377 = 2 CHB_26078	piH	-14500.841980150224
CHB_26078 + C01330 = CHB_26078 + C01330	pit	0.0
POS + CHB_15422 + CHB_15377 = POS + CHB_16761 + CHB_26078	posABC	-29652.66695243836
POS2 + CHB_15422 + CHB_15377 = POS2 + CHB_16761 + CHB_26078	posABC-2	-29652.66695243836
CHB_62346 + CHB_15377 + CHB_15422 = CHB_62346 + CHB_16761 + CHB_26078	rhaABC	-29652.66695243836
rhaos + CHB_15422 + CHB_15377 = rhaos + CHB_16761 + CHB_26078	rhaosABC	-29652.66695243836
C00369_kz + CHB_15377 = 2 C01935_kz	starchASE	4206.303526446194
CHB_16551 + CHB_15422 + CHB_15377 = CHB_16551 + CHB_16761 + CHB_26078	trehABC	-29652.66695243836
CHB_17568 = CHB_17568	uraUpt	0.0
CHB_15422 + CHB_15377 + CHB_16414 = CHB_16761 + CHB_26078 + CHB_16414	valABC	-29652.66695243836
C20679 + CHB_15422 + CHB_15377 = C20679 + CHB_16761 + CHB_26078	wo4ABC	-29652.66695243836
XGOS-xxxg + CHB_15422 + CHB_15377 = XGOS-xxxg + CHB_16761 + CHB_26078	xgosABC-1	-29652.66695243836
XGOS-xllg + CHB_15422 + CHB_15377 = XGOS-xllg + CHB_16761 + CHB_26078	xgosABC-2	-29652.66695243836
XOS + CHB_15422 + CHB_15377 = XOS + CHB_16761 + CHB_26078	xosABC	-29652.66695243836
XOS2 + CHB_15422 + CHB_15377 = XOS2 + CHB_16761 + CHB_26078	xosABC-2	-29652.66695243836
C00038 + CHB_15422 + CHB_15377 = C00038 + CHB_16761 + CHB_26078	znABC	-29652.66695243836
C00038 + CHB_15377 + CHB_15422 = C00038 + CHB_16761 + CHB_26078	znEfflux	-29652.66695243836
