Locus tag	Protein product
ATHE_RS00005	WP_012660677.1
ATHE_RS00010	WP_012660679.1
ATHE_RS00015	WP_012660680.1
ATHE_RS00020	WP_012660681.1
ATHE_RS00025	WP_041727272.1
ATHE_RS00030	WP_012660684.1
ATHE_RS00035	WP_012660685.1
ATHE_RS14155	WP_079504046.1
ATHE_RS14160	WP_079504047.1
ATHE_RS00045	WP_012660688.1
ATHE_RS00050	WP_012660689.1
ATHE_RS00055	WP_012660690.1
ATHE_RS00060	WP_012660691.1
ATHE_RS00065	WP_012660692.1
ATHE_RS00070	WP_012660693.1
ATHE_RS00080	WP_012660694.1
ATHE_RS00085	WP_012660695.1
ATHE_RS00095	WP_012660696.1
ATHE_RS00100	WP_012660697.1
ATHE_RS00105	WP_012660698.1
ATHE_RS00110	WP_012660699.1
ATHE_RS00115	WP_012660700.1
ATHE_RS00120	WP_012660701.1
ATHE_RS14050	WP_012660702.1
ATHE_RS00135	WP_012660703.1
ATHE_RS00140	WP_012660704.1
ATHE_RS00145	WP_012660705.1
ATHE_RS00150	WP_012660706.1
ATHE_RS00155	WP_012660707.1
ATHE_RS00160	WP_012660708.1
ATHE_RS00165	WP_012660709.1
ATHE_RS00170	WP_012660710.1
ATHE_RS00175	WP_012660711.1
ATHE_RS00180	WP_041727276.1
ATHE_RS00185	WP_012660713.1
ATHE_RS00190	WP_012660714.1
ATHE_RS00195	WP_012660715.1
ATHE_RS00200	WP_012660716.1
ATHE_RS00205	WP_012660717.1
ATHE_RS00210	WP_012660718.1
ATHE_RS00215	WP_012660719.1
ATHE_RS00220	WP_012660720.1
ATHE_RS00235	WP_012660721.1
ATHE_RS00240	WP_012660722.1
ATHE_RS00245	WP_012660723.1
ATHE_RS00250	WP_012660724.1
ATHE_RS00255	WP_012660725.1
ATHE_RS00260	WP_012660726.1
ATHE_RS00265	WP_012660727.1
ATHE_RS00270	WP_012660728.1
ATHE_RS14055	WP_079503990.1
ATHE_RS00280	WP_012660730.1
ATHE_RS00285	WP_012660731.1
ATHE_RS00290	WP_012660732.1
ATHE_RS00295	WP_012660733.1
ATHE_RS00300	WP_012660734.1
ATHE_RS00305	WP_015906706.1
ATHE_RS00310	WP_015906707.1
ATHE_RS00315	WP_041726932.1
ATHE_RS00320	WP_041726934.1
ATHE_RS00325	WP_015906709.1
ATHE_RS00330	WP_015906710.1
ATHE_RS00335	WP_015906711.1
ATHE_RS00340	WP_015906712.1
ATHE_RS00350	WP_088217564.1
ATHE_RS00355	WP_015906714.1
ATHE_RS00360	WP_015906715.1
ATHE_RS00365	WP_015906716.1
ATHE_RS00375	WP_015906717.1
ATHE_RS00380	WP_015906718.1
ATHE_RS00385	WP_015906719.1
ATHE_RS00390	WP_015906720.1
ATHE_RS00395	WP_013429135.1
ATHE_RS00400	WP_013429136.1
ATHE_RS00405	WP_015906721.1
ATHE_RS00410	WP_015906722.1
ATHE_RS00415	WP_015906723.1
ATHE_RS00420	WP_015906724.1
ATHE_RS00425	WP_015906725.1
ATHE_RS00435	WP_015906727.1
ATHE_RS00440	WP_015906728.1
ATHE_RS00445	WP_015906729.1
ATHE_RS00450	WP_015906730.1
ATHE_RS00455	WP_015906731.1
ATHE_RS00460	WP_079503991.1
ATHE_RS14165	WP_079503992.1
ATHE_RS00470	WP_015906735.1
ATHE_RS00475	WP_015906736.1
ATHE_RS00485	WP_079503994.1
ATHE_RS00490	WP_015906737.1
ATHE_RS00495	WP_015906738.1
ATHE_RS00500	WP_015906739.1
ATHE_RS00505	WP_015906740.1
ATHE_RS00510	WP_015906741.1
ATHE_RS00515	WP_015906742.1
ATHE_RS00520	WP_015906743.1
ATHE_RS00525	WP_015906744.1
ATHE_RS00530	WP_015906745.1
ATHE_RS00535	WP_015906746.1
ATHE_RS00540	WP_015906747.1
ATHE_RS00545	WP_015906748.1
ATHE_RS00550	WP_015906749.1
ATHE_RS00555	WP_015906750.1
ATHE_RS00560	WP_015906751.1
ATHE_RS00565	WP_015906752.1
ATHE_RS00570	WP_015906753.1
ATHE_RS00575	WP_015906754.1
ATHE_RS00580	WP_015906755.1
ATHE_RS00585	WP_015906756.1
ATHE_RS00590	WP_015906757.1
ATHE_RS00595	WP_015906758.1
ATHE_RS00600	WP_015906759.1
ATHE_RS00605	WP_015906760.1
ATHE_RS00610	WP_015906761.1
ATHE_RS00615	WP_041726941.1
ATHE_RS00620	WP_015906763.1
ATHE_RS00625	WP_015906764.1
ATHE_RS00630	WP_015906765.1
ATHE_RS00640	WP_013429593.1
ATHE_RS00645	WP_015906766.1
ATHE_RS00660	WP_041726944.1
ATHE_RS00665	WP_015906768.1
ATHE_RS00670	WP_015906769.1
ATHE_RS00675	WP_041727292.1
ATHE_RS00680	WP_015906771.1
ATHE_RS00685	WP_015906772.1
ATHE_RS00690	WP_079504048.1
ATHE_RS00695	WP_015906774.1
ATHE_RS00700	WP_015906775.1
ATHE_RS00710	WP_015906776.1
ATHE_RS00715	WP_015906777.1
ATHE_RS00720	WP_015906778.1
ATHE_RS00725	WP_015906779.1
ATHE_RS00730	WP_013431304.1
ATHE_RS00735	WP_041726948.1
ATHE_RS00740	WP_015906781.1
ATHE_RS00745	WP_015906782.1
ATHE_RS00750	WP_015906783.1
ATHE_RS00755	WP_015906784.1
ATHE_RS00760	WP_015906785.1
ATHE_RS00765	WP_015906786.1
ATHE_RS00770	WP_015906787.1
ATHE_RS00775	WP_015906788.1
ATHE_RS00780	WP_041726951.1
ATHE_RS00785	WP_015906789.1
ATHE_RS00790	WP_015906790.1
ATHE_RS00795	WP_015906791.1
ATHE_RS00800	WP_013404300.1
ATHE_RS00805	WP_041726953.1
ATHE_RS00810	WP_015906793.1
ATHE_RS00815	WP_015906794.1
ATHE_RS00820	WP_015906795.1
ATHE_RS00825	WP_015906796.1
ATHE_RS00830	WP_015906797.1
ATHE_RS00835	WP_015906798.1
ATHE_RS00840	WP_015906799.1
ATHE_RS00845	WP_015906800.1
ATHE_RS00850	WP_011917919.1
ATHE_RS00855	WP_015906801.1
ATHE_RS00860	WP_013431286.1
ATHE_RS00865	WP_013431285.1
ATHE_RS00870	WP_015906802.1
ATHE_RS00875	WP_015906803.1
ATHE_RS00880	WP_015906804.1
ATHE_RS00885	WP_015906805.1
ATHE_RS00890	WP_013431280.1
ATHE_RS00895	WP_015906806.1
ATHE_RS00900	WP_015906807.1
ATHE_RS00905	WP_015906808.1
ATHE_RS00910	WP_015906809.1
ATHE_RS00915	WP_015906810.1
ATHE_RS00925	WP_015906731.1
ATHE_RS00930	WP_015906812.1
ATHE_RS00935	WP_015906813.1
ATHE_RS00940	WP_015906814.1
ATHE_RS00945	WP_015906815.1
ATHE_RS00950	WP_015906816.1
ATHE_RS00955	WP_015906817.1
ATHE_RS00960	WP_015906818.1
ATHE_RS00965	WP_015906819.1
ATHE_RS00970	WP_015906820.1
ATHE_RS00975	WP_015906821.1
ATHE_RS00980	WP_015906822.1
ATHE_RS00985	WP_013431266.1
ATHE_RS00990	WP_015906823.1
ATHE_RS00995	WP_015906824.1
ATHE_RS01000	WP_015906825.1
ATHE_RS01005	WP_015906826.1
ATHE_RS01010	WP_015906827.1
ATHE_RS01015	WP_015906828.1
ATHE_RS01020	WP_079503997.1
ATHE_RS01025	WP_015906830.1
ATHE_RS01030	WP_015906831.1
ATHE_RS01035	WP_015906832.1
ATHE_RS01040	WP_015906833.1
ATHE_RS01045	WP_015906834.1
ATHE_RS01050	WP_015906835.1
ATHE_RS01055	WP_015906836.1
ATHE_RS01060	WP_015906837.1
ATHE_RS01065	WP_015906838.1
ATHE_RS01070	WP_015906839.1
ATHE_RS01075	WP_015906840.1
ATHE_RS01080	WP_041726965.1
ATHE_RS01085	WP_015906842.1
ATHE_RS01090	WP_015906843.1
ATHE_RS01095	WP_015906844.1
ATHE_RS01100	WP_041726967.1
ATHE_RS01105	WP_015906846.1
ATHE_RS01115	WP_015906847.1
ATHE_RS01120	WP_015906848.1
ATHE_RS01125	WP_015906849.1
ATHE_RS01130	WP_015906850.1
ATHE_RS01135	WP_015906851.1
ATHE_RS01140	WP_015906852.1
ATHE_RS01145	WP_015906853.1
ATHE_RS01150	WP_015906854.1
ATHE_RS01155	WP_015906855.1
ATHE_RS01160	WP_015906856.1
ATHE_RS01165	WP_015906857.1
ATHE_RS01170	WP_015906858.1
ATHE_RS01175	WP_015906859.1
ATHE_RS01180	WP_015906860.1
ATHE_RS01185	WP_013431228.1
ATHE_RS01190	WP_013431227.1
ATHE_RS01195	WP_015906862.1
ATHE_RS01200	WP_015906863.1
ATHE_RS01205	WP_015906864.1
ATHE_RS01210	WP_015906865.1
ATHE_RS01215	WP_015906866.1
ATHE_RS01220	WP_015906867.1
ATHE_RS01225	WP_015906868.1
ATHE_RS01230	WP_015906869.1
ATHE_RS01235	WP_015906870.1
ATHE_RS01240	WP_015906871.1
ATHE_RS01245	WP_015906872.1
ATHE_RS01250	WP_015906873.1
ATHE_RS01260	WP_013429593.1
ATHE_RS01265	WP_015906876.1
ATHE_RS01280	WP_015906879.1
ATHE_RS01285	WP_015906880.1
ATHE_RS01290	WP_041726975.1
ATHE_RS01295	WP_015906882.1
ATHE_RS01300	WP_015906883.1
ATHE_RS01305	WP_015906884.1
ATHE_RS01310	WP_013431220.1
ATHE_RS01315	WP_015906886.1
ATHE_RS01320	WP_015906887.1
ATHE_RS01325	WP_015906888.1
ATHE_RS01330	WP_015906889.1
ATHE_RS01335	WP_041726978.1
ATHE_RS01340	WP_015906891.1
ATHE_RS01345	WP_015906892.1
ATHE_RS01350	WP_015906893.1
ATHE_RS01355	WP_015906894.1
ATHE_RS01360	WP_015906895.1
ATHE_RS01385	WP_015906896.1
ATHE_RS01400	WP_015906899.1
ATHE_RS01405	WP_015906900.1
ATHE_RS01410	WP_041726985.1
ATHE_RS01415	WP_041726989.1
ATHE_RS01440	WP_015906902.1
ATHE_RS01445	WP_015906903.1
ATHE_RS01450	WP_041726994.1
ATHE_RS01455	WP_015906905.1
ATHE_RS01460	WP_015906906.1
ATHE_RS01465	WP_041726999.1
ATHE_RS01470	WP_015906908.1
ATHE_RS01475	WP_041727001.1
ATHE_RS01480	WP_015906910.1
ATHE_RS01485	WP_015906911.1
ATHE_RS01490	WP_015906912.1
ATHE_RS01495	WP_015906913.1
ATHE_RS01500	WP_015906914.1
ATHE_RS01505	WP_015906915.1
ATHE_RS01510	WP_015906916.1
ATHE_RS01515	WP_015906917.1
ATHE_RS01520	WP_015906918.1
ATHE_RS01525	WP_013289631.1
ATHE_RS01530	WP_015906919.1
ATHE_RS01535	WP_015906920.1
ATHE_RS01540	WP_015906921.1
ATHE_RS01545	WP_015906922.1
ATHE_RS01550	WP_015906923.1
ATHE_RS01555	WP_015906924.1
ATHE_RS01560	WP_079504049.1
ATHE_RS01565	WP_041727004.1
ATHE_RS01570	WP_015906927.1
ATHE_RS01575	WP_015906928.1
ATHE_RS01580	WP_015906929.1
ATHE_RS01585	WP_015906930.1
ATHE_RS01590	WP_015906932.1
ATHE_RS01595	WP_015906933.1
ATHE_RS01600	WP_015906934.1
ATHE_RS01605	WP_015906935.1
ATHE_RS14060	WP_015906936.1
ATHE_RS01635	WP_015906937.1
ATHE_RS01640	WP_079503999.1
ATHE_RS01645	WP_015906940.1
ATHE_RS01650	WP_015906941.1
ATHE_RS01655	WP_015906942.1
ATHE_RS01660	WP_015906943.1
ATHE_RS01665	WP_015906944.1
ATHE_RS01670	WP_015906945.1
ATHE_RS01675	WP_015906946.1
ATHE_RS01680	WP_015906947.1
ATHE_RS01685	WP_015906948.1
ATHE_RS01690	WP_079504000.1
ATHE_RS01695	WP_015906950.1
ATHE_RS01700	WP_015906951.1
ATHE_RS14185	WP_015906952.1
ATHE_RS01710	WP_015906953.1
ATHE_RS14065	WP_079504001.1
ATHE_RS01720	WP_015906955.1
ATHE_RS01725	WP_015906956.1
ATHE_RS01730	WP_015906958.1
ATHE_RS01735	WP_049760234.1
ATHE_RS01740	WP_015906960.1
ATHE_RS01745	WP_015906961.1
ATHE_RS01750	WP_015906962.1
ATHE_RS01755	WP_015906963.1
ATHE_RS01760	WP_079504050.1
ATHE_RS01765	WP_015906965.1
ATHE_RS01770	WP_041727313.1
ATHE_RS01775	WP_015906967.1
ATHE_RS01780	WP_015906968.1
ATHE_RS01785	WP_015906969.1
ATHE_RS01790	WP_015906970.1
ATHE_RS01795	WP_015906971.1
ATHE_RS01800	WP_015906972.1
ATHE_RS01805	WP_015906973.1
ATHE_RS01810	WP_015906974.1
ATHE_RS14070	WP_015906975.1
ATHE_RS01830	WP_015906976.1
ATHE_RS01835	WP_015906977.1
ATHE_RS01840	WP_015906978.1
ATHE_RS01855	WP_015906980.1
ATHE_RS01860	WP_015906981.1
ATHE_RS01865	WP_015906982.1
ATHE_RS01870	WP_015906983.1
ATHE_RS01875	WP_041727023.1
ATHE_RS01880	WP_015906986.1
ATHE_RS01885	WP_015906987.1
ATHE_RS01895	WP_015906989.1
ATHE_RS01900	WP_015906990.1
ATHE_RS01905	WP_041727318.1
ATHE_RS01910	WP_015906992.1
ATHE_RS01915	WP_015906993.1
ATHE_RS01920	WP_015906994.1
ATHE_RS01925	WP_041727026.1
ATHE_RS01955	WP_015906996.1
ATHE_RS01960	WP_015906997.1
ATHE_RS01965	WP_015906998.1
ATHE_RS01970	WP_015906999.1
ATHE_RS01975	WP_015907000.1
ATHE_RS01980	WP_015907001.1
ATHE_RS01985	WP_015907002.1
ATHE_RS01995	WP_015907004.1
ATHE_RS02000	WP_015907005.1
ATHE_RS02010	WP_015907008.1
ATHE_RS02015	WP_015907009.1
ATHE_RS02020	WP_015907010.1
ATHE_RS02025	WP_015907011.1
ATHE_RS02045	WP_015907013.1
ATHE_RS02050	WP_015907014.1
ATHE_RS02055	WP_013431128.1
ATHE_RS02060	WP_015907015.1
ATHE_RS02065	WP_015907016.1
ATHE_RS02070	WP_015907017.1
ATHE_RS02075	WP_015907018.1
ATHE_RS02080	WP_015907019.1
ATHE_RS02085	WP_015907020.1
ATHE_RS02090	WP_041727032.1
ATHE_RS02095	WP_015907022.1
ATHE_RS02100	WP_041727319.1
ATHE_RS02105	WP_015907024.1
ATHE_RS02110	WP_015907025.1
ATHE_RS02115	WP_041727320.1
ATHE_RS02120	WP_015907027.1
ATHE_RS02125	WP_015907028.1
ATHE_RS02130	WP_015907029.1
ATHE_RS02135	WP_015907030.1
ATHE_RS02140	WP_013431110.1
ATHE_RS02145	WP_015907031.1
ATHE_RS02150	WP_015907032.1
ATHE_RS02155	WP_015907033.1
ATHE_RS02160	WP_015907034.1
ATHE_RS02165	WP_015907035.1
ATHE_RS02170	WP_015907036.1
ATHE_RS02175	WP_015907037.1
ATHE_RS02180	WP_015907038.1
ATHE_RS02185	WP_015907039.1
ATHE_RS02190	WP_015907040.1
ATHE_RS02195	WP_015907041.1
ATHE_RS02200	WP_015907042.1
ATHE_RS02205	WP_015907043.1
ATHE_RS02210	WP_015907044.1
ATHE_RS02220	WP_015907045.1
ATHE_RS02225	WP_015907046.1
ATHE_RS02230	WP_015907047.1
ATHE_RS02235	WP_015907048.1
ATHE_RS02240	WP_015907049.1
ATHE_RS02245	WP_015907050.1
ATHE_RS02250	WP_015907051.1
ATHE_RS02255	WP_015907052.1
ATHE_RS02260	WP_015907053.1
ATHE_RS02265	WP_015907054.1
ATHE_RS02270	WP_015907055.1
ATHE_RS02275	WP_015907056.1
ATHE_RS02280	WP_015907057.1
ATHE_RS02285	WP_015907058.1
ATHE_RS02290	WP_015907059.1
ATHE_RS02295	WP_015907060.1
ATHE_RS02300	WP_015907061.1
ATHE_RS02305	WP_015907062.1
ATHE_RS02310	WP_015907063.1
ATHE_RS02315	WP_015907064.1
ATHE_RS02320	WP_015907065.1
ATHE_RS02325	WP_041727037.1
ATHE_RS02330	WP_015907067.1
ATHE_RS02335	WP_015907068.1
ATHE_RS02340	WP_015907069.1
ATHE_RS02350	WP_015907071.1
ATHE_RS02355	WP_015907072.1
ATHE_RS02360	WP_015907073.1
ATHE_RS02365	WP_015907074.1
ATHE_RS02375	WP_015907075.1
ATHE_RS02380	WP_015907076.1
ATHE_RS02385	WP_015907077.1
ATHE_RS02400	WP_015907079.1
ATHE_RS02410	WP_049760238.1
ATHE_RS02420	WP_015907082.1
ATHE_RS02430	WP_015907083.1
ATHE_RS02455	WP_015907085.1
ATHE_RS02460	WP_013431064.1
ATHE_RS02465	WP_015907086.1
ATHE_RS02470	WP_015907087.1
ATHE_RS02475	WP_015907088.1
ATHE_RS02480	WP_015907089.1
ATHE_RS02485	WP_015907090.1
ATHE_RS02490	WP_015907091.1
ATHE_RS02495	WP_013431057.1
ATHE_RS02500	WP_015907092.1
ATHE_RS02505	WP_015907094.1
ATHE_RS02510	WP_015907095.1
ATHE_RS02515	WP_013431052.1
ATHE_RS02520	WP_015907096.1
ATHE_RS02525	WP_041727326.1
ATHE_RS02530	WP_015907098.1
ATHE_RS02535	WP_013431048.1
ATHE_RS02540	WP_015907099.1
ATHE_RS02545	WP_015907100.1
ATHE_RS02550	WP_015907101.1
ATHE_RS02555	WP_015907102.1
ATHE_RS02560	WP_015907103.1
ATHE_RS02565	WP_015907104.1
ATHE_RS02570	WP_041727048.1
ATHE_RS02585	WP_015907108.1
ATHE_RS02590	WP_015907109.1
ATHE_RS02595	WP_015907110.1
ATHE_RS02600	WP_013431024.1
ATHE_RS02605	WP_015907111.1
ATHE_RS02610	WP_015907112.1
ATHE_RS02615	WP_015907113.1
ATHE_RS02620	WP_015907114.1
ATHE_RS02625	WP_015907115.1
ATHE_RS02630	WP_015907116.1
ATHE_RS02635	WP_041727328.1
ATHE_RS02640	WP_015907118.1
ATHE_RS02645	WP_015907119.1
ATHE_RS02650	WP_015907120.1
ATHE_RS02655	WP_015907121.1
ATHE_RS02665	WP_015907122.1
ATHE_RS02670	WP_013431011.1
ATHE_RS02675	WP_015907123.1
ATHE_RS02680	WP_041727051.1
ATHE_RS02685	WP_015907125.1
ATHE_RS02690	WP_015907126.1
ATHE_RS02695	WP_015907127.1
ATHE_RS02700	WP_013431005.1
ATHE_RS02705	WP_015907128.1
ATHE_RS02710	WP_015907129.1
ATHE_RS02715	WP_015907130.1
ATHE_RS02720	WP_041727054.1
ATHE_RS02725	WP_015907132.1
ATHE_RS02730	WP_013289825.1
ATHE_RS02735	WP_015907133.1
ATHE_RS02740	WP_015907134.1
ATHE_RS02745	WP_015907135.1
ATHE_RS02750	WP_015907136.1
ATHE_RS02755	WP_015907137.1
ATHE_RS02760	WP_015907138.1
ATHE_RS02765	WP_015907139.1
ATHE_RS02770	WP_013430992.1
ATHE_RS02775	WP_015907140.1
ATHE_RS02780	WP_015907141.1
ATHE_RS02785	WP_015907142.1
ATHE_RS02790	WP_015907143.1
ATHE_RS02795	WP_015907144.1
ATHE_RS02805	WP_015907145.1
ATHE_RS02810	WP_015907146.1
ATHE_RS02815	WP_015907147.1
ATHE_RS02820	WP_015907148.1
ATHE_RS02825	WP_015907149.1
ATHE_RS02830	WP_013430979.1
ATHE_RS02835	WP_041727062.1
ATHE_RS02840	WP_015907151.1
ATHE_RS02845	WP_015907152.1
ATHE_RS02850	WP_015907153.1
ATHE_RS02855	WP_015907154.1
ATHE_RS02860	WP_015907155.1
ATHE_RS02865	WP_015907156.1
ATHE_RS02870	WP_015907157.1
ATHE_RS02875	WP_015907158.1
ATHE_RS02880	WP_015907159.1
ATHE_RS02890	WP_015907161.1
ATHE_RS02895	WP_015907162.1
ATHE_RS02900	WP_015907163.1
ATHE_RS02905	WP_015907164.1
ATHE_RS02910	WP_015907165.1
ATHE_RS02915	WP_015907166.1
ATHE_RS02920	WP_015907167.1
ATHE_RS02925	WP_015907168.1
ATHE_RS02930	WP_015907169.1
ATHE_RS02935	WP_015907170.1
ATHE_RS02940	WP_015907171.1
ATHE_RS02945	WP_015907172.1
ATHE_RS02950	WP_015907173.1
ATHE_RS02955	WP_015907174.1
ATHE_RS02960	WP_015907175.1
ATHE_RS02965	WP_015907176.1
ATHE_RS02970	WP_015907177.1
ATHE_RS02975	WP_015907178.1
ATHE_RS02980	WP_015907179.1
ATHE_RS02985	WP_015907180.1
ATHE_RS02990	WP_015907181.1
ATHE_RS02995	WP_015907182.1
ATHE_RS03000	WP_015907183.1
ATHE_RS03005	WP_015907184.1
ATHE_RS03020	WP_015907186.1
ATHE_RS03025	WP_041727067.1
ATHE_RS03030	WP_015907187.1
ATHE_RS03035	WP_015907188.1
ATHE_RS03050	WP_015907189.1
ATHE_RS03055	WP_015907190.1
ATHE_RS03060	WP_015907191.1
ATHE_RS03065	WP_015907192.1
ATHE_RS03070	WP_015907193.1
ATHE_RS03075	WP_015907194.1
ATHE_RS03080	WP_015907195.1
ATHE_RS03085	WP_015907196.1
ATHE_RS03090	WP_015907197.1
ATHE_RS03095	WP_013289899.1
ATHE_RS14235	WP_013289901.1
ATHE_RS03100	WP_015907198.1
ATHE_RS03105	WP_015907199.1
ATHE_RS03110	WP_015907200.1
ATHE_RS03115	WP_015907201.1
ATHE_RS03120	WP_015907202.1
ATHE_RS03125	WP_015907203.1
ATHE_RS03130	WP_041727071.1
ATHE_RS03135	WP_015907205.1
ATHE_RS03140	WP_015907206.1
ATHE_RS03145	WP_015907207.1
ATHE_RS03150	WP_013403882.1
ATHE_RS03155	WP_015907208.1
ATHE_RS03160	WP_015907209.1
ATHE_RS03165	WP_013403879.1
ATHE_RS03170	WP_015907210.1
ATHE_RS03175	WP_015907211.1
ATHE_RS03180	WP_015907212.1
ATHE_RS03185	WP_015907213.1
ATHE_RS03190	WP_015907214.1
ATHE_RS03195	WP_015907215.1
ATHE_RS03200	WP_015907216.1
ATHE_RS03205	WP_015907217.1
ATHE_RS03210	WP_015907218.1
ATHE_RS03215	WP_015907219.1
ATHE_RS03220	WP_015907220.1
ATHE_RS03225	WP_015907221.1
ATHE_RS03230	WP_015907222.1
ATHE_RS03235	WP_015907223.1
ATHE_RS03240	WP_015907224.1
ATHE_RS03245	WP_013430895.1
ATHE_RS03250	WP_015907225.1
ATHE_RS03255	WP_015907226.1
ATHE_RS03260	WP_015907227.1
ATHE_RS14240	WP_079504002.1
ATHE_RS03270	WP_013430891.1
ATHE_RS03275	WP_015907228.1
ATHE_RS03280	WP_013430889.1
ATHE_RS03285	WP_015907229.1
ATHE_RS03290	WP_015907230.1
ATHE_RS03295	WP_015907231.1
ATHE_RS03300	WP_015907232.1
ATHE_RS03305	WP_015907233.1
ATHE_RS03310	WP_041727075.1
ATHE_RS03315	WP_015907234.1
ATHE_RS03320	WP_015907235.1
ATHE_RS03325	WP_015907236.1
ATHE_RS14245	WP_079504003.1
ATHE_RS03335	WP_015907237.1
ATHE_RS03345	WP_049760242.1
ATHE_RS03350	WP_015907238.1
ATHE_RS03355	WP_015907239.1
ATHE_RS03360	WP_015907240.1
ATHE_RS03365	WP_041727077.1
ATHE_RS03370	WP_015907242.1
ATHE_RS03375	WP_015907243.1
ATHE_RS03380	WP_013430872.1
ATHE_RS03385	WP_013430871.1
ATHE_RS03400	WP_013403845.1
ATHE_RS03415	WP_013430869.1
ATHE_RS03420	WP_015907245.1
ATHE_RS03425	WP_041727336.1
ATHE_RS03430	WP_015907247.1
ATHE_RS03435	WP_041727080.1
ATHE_RS03440	WP_015907249.1
ATHE_RS03445	WP_015907250.1
ATHE_RS03450	WP_015907251.1
ATHE_RS03455	WP_041727083.1
ATHE_RS03460	WP_015907252.1
ATHE_RS03465	WP_015907253.1
ATHE_RS03470	WP_015907254.1
ATHE_RS03475	WP_015907255.1
ATHE_RS03480	WP_015907256.1
ATHE_RS03485	WP_015907257.1
ATHE_RS03490	WP_015907258.1
ATHE_RS03495	WP_015907259.1
ATHE_RS03500	WP_015907260.1
ATHE_RS03505	WP_015907261.1
ATHE_RS03510	WP_015907262.1
ATHE_RS03515	WP_015907263.1
ATHE_RS03520	WP_041727337.1
ATHE_RS03525	WP_015907265.1
ATHE_RS03530	WP_013430845.1
ATHE_RS03535	WP_015907266.1
ATHE_RS03540	WP_015907267.1
ATHE_RS03545	WP_015907268.1
ATHE_RS03550	WP_041727339.1
ATHE_RS03555	WP_015907270.1
ATHE_RS03560	WP_015907271.1
ATHE_RS03565	WP_015907272.1
ATHE_RS03570	WP_015907273.1
ATHE_RS03575	WP_015907274.1
ATHE_RS14080	WP_079504007.1
ATHE_RS14085	WP_079504008.1
ATHE_RS03585	WP_015907278.1
ATHE_RS03590	WP_015907279.1
ATHE_RS03595	WP_015907280.1
ATHE_RS03600	WP_015907281.1
ATHE_RS03605	WP_015907282.1
ATHE_RS03610	WP_015907283.1
ATHE_RS03615	WP_015907284.1
ATHE_RS03620	WP_015906731.1
ATHE_RS03625	WP_015907285.1
ATHE_RS03630	WP_011916452.1
ATHE_RS03635	WP_015907286.1
ATHE_RS03640	WP_015907287.1
ATHE_RS03645	WP_015907288.1
ATHE_RS03650	WP_015907289.1
ATHE_RS03655	WP_015907290.1
ATHE_RS03660	WP_015907291.1
ATHE_RS03665	WP_015907292.1
ATHE_RS03670	WP_015907293.1
ATHE_RS03675	WP_015907294.1
ATHE_RS03680	WP_015907295.1
ATHE_RS03685	WP_015907296.1
ATHE_RS03690	WP_012660747.1
ATHE_RS03695	WP_015907297.1
ATHE_RS03700	WP_015907298.1
ATHE_RS03705	WP_015907299.1
ATHE_RS03710	WP_015907300.1
ATHE_RS03720	WP_015907301.1
ATHE_RS03725	WP_015907302.1
ATHE_RS03730	WP_015907303.1
ATHE_RS03735	WP_015907304.1
ATHE_RS03740	WP_015907305.1
ATHE_RS03745	WP_015907306.1
ATHE_RS03750	WP_015907307.1
ATHE_RS03755	WP_015907308.1
ATHE_RS03785	WP_015907309.1
ATHE_RS03790	WP_015907310.1
ATHE_RS03795	WP_015907311.1
ATHE_RS03800	WP_015907312.1
ATHE_RS03805	WP_015907313.1
ATHE_RS03810	WP_015907314.1
ATHE_RS03815	WP_015907315.1
ATHE_RS03820	WP_015907316.1
ATHE_RS03825	WP_015907317.1
ATHE_RS03830	WP_015907318.1
ATHE_RS03835	WP_015907319.1
ATHE_RS03840	WP_015907320.1
ATHE_RS03845	WP_015907321.1
ATHE_RS03850	WP_015907322.1
ATHE_RS03855	WP_015907323.1
ATHE_RS03860	WP_015907324.1
ATHE_RS03865	WP_015907325.1
ATHE_RS03870	WP_079504010.1
ATHE_RS03875	WP_015907327.1
ATHE_RS03880	WP_015907328.1
ATHE_RS03885	WP_015907329.1
ATHE_RS03890	WP_015907330.1
ATHE_RS03895	WP_015907331.1
ATHE_RS03900	WP_015907332.1
ATHE_RS03905	WP_013430799.1
ATHE_RS03910	WP_015907333.1
ATHE_RS03915	WP_013430797.1
ATHE_RS03920	WP_015907334.1
ATHE_RS03925	WP_013430795.1
ATHE_RS03930	WP_015907335.1
ATHE_RS03935	WP_015907336.1
ATHE_RS03940	WP_015907337.1
ATHE_RS03945	WP_015907338.1
ATHE_RS03950	WP_015907339.1
ATHE_RS03955	WP_015907340.1
ATHE_RS03960	WP_015907341.1
ATHE_RS03965	WP_015907342.1
ATHE_RS03970	WP_015907343.1
ATHE_RS03975	WP_015907344.1
ATHE_RS03980	WP_015907345.1
ATHE_RS03985	WP_015907346.1
ATHE_RS03990	WP_015907347.1
ATHE_RS03995	WP_041727092.1
ATHE_RS04000	WP_015907349.1
ATHE_RS04005	WP_015907350.1
ATHE_RS04010	WP_015907351.1
ATHE_RS04015	WP_015907352.1
ATHE_RS04020	WP_015907353.1
ATHE_RS04025	WP_015907354.1
ATHE_RS04030	WP_015907355.1
ATHE_RS04035	WP_013430775.1
ATHE_RS04040	WP_013290052.1
ATHE_RS04045	WP_013290053.1
ATHE_RS04050	WP_015907356.1
ATHE_RS04055	WP_013403741.1
ATHE_RS04060	WP_015907357.1
ATHE_RS04065	WP_013403739.1
ATHE_RS04070	WP_015907358.1
ATHE_RS04075	WP_015907359.1
ATHE_RS04080	WP_015907360.1
ATHE_RS04085	WP_015907361.1
ATHE_RS04090	WP_013433105.1
ATHE_RS04095	WP_015907362.1
ATHE_RS04100	WP_015907363.1
ATHE_RS04105	WP_013403731.1
ATHE_RS04110	WP_015907364.1
ATHE_RS04115	WP_015907365.1
ATHE_RS04120	WP_015907366.1
ATHE_RS04125	WP_015907367.1
ATHE_RS04130	WP_015907368.1
ATHE_RS04135	WP_015907369.1
ATHE_RS04140	WP_015907370.1
ATHE_RS04145	WP_015907371.1
ATHE_RS04150	WP_041727351.1
ATHE_RS04155	WP_015907373.1
ATHE_RS04160	WP_015907374.1
ATHE_RS04165	WP_015907375.1
ATHE_RS04170	WP_015907376.1
ATHE_RS04175	WP_015907377.1
ATHE_RS04180	WP_015907378.1
ATHE_RS04185	WP_015907379.1
ATHE_RS04190	WP_015907380.1
ATHE_RS04195	WP_015907381.1
ATHE_RS04200	WP_015907382.1
ATHE_RS04205	WP_015907383.1
ATHE_RS04210	WP_015907384.1
ATHE_RS04215	WP_015907385.1
ATHE_RS04220	WP_015907386.1
ATHE_RS04225	WP_015907387.1
ATHE_RS04230	WP_015907388.1
ATHE_RS04235	WP_015907389.1
ATHE_RS04240	WP_015907390.1
ATHE_RS04245	WP_015907391.1
ATHE_RS04250	WP_015907392.1
ATHE_RS04255	WP_015907393.1
ATHE_RS04260	WP_013430735.1
ATHE_RS04265	WP_015907394.1
ATHE_RS04270	WP_015907395.1
ATHE_RS04275	WP_015907396.1
ATHE_RS04280	WP_015907397.1
ATHE_RS04285	WP_015907398.1
ATHE_RS04290	WP_041727352.1
ATHE_RS04295	WP_041727097.1
ATHE_RS04300	WP_041727099.1
ATHE_RS04305	WP_015907400.1
ATHE_RS04310	WP_015907401.1
ATHE_RS04315	WP_015907402.1
ATHE_RS04325	WP_015907403.1
ATHE_RS04335	WP_015907404.1
ATHE_RS04350	WP_015907405.1
ATHE_RS04355	WP_015907406.1
ATHE_RS04365	WP_015907407.1
ATHE_RS04370	WP_015907408.1
ATHE_RS04380	WP_015907409.1
ATHE_RS04385	WP_015907410.1
ATHE_RS04390	WP_015907411.1
ATHE_RS04395	WP_013290123.1
ATHE_RS04400	WP_015907412.1
ATHE_RS04405	WP_015907413.1
ATHE_RS04410	WP_015907414.1
ATHE_RS04415	WP_041727355.1
ATHE_RS04420	WP_015907416.1
ATHE_RS04425	WP_015907417.1
ATHE_RS04430	WP_015907418.1
ATHE_RS04435	WP_079504052.1
ATHE_RS04440	WP_015907420.1
ATHE_RS04445	WP_015907421.1
ATHE_RS04450	WP_015907422.1
ATHE_RS04460	WP_015907423.1
ATHE_RS04465	WP_015907425.1
ATHE_RS04470	WP_015907426.1
ATHE_RS04475	WP_015907427.1
ATHE_RS04480	WP_015906731.1
ATHE_RS04485	WP_015907428.1
ATHE_RS04490	WP_041727102.1
ATHE_RS04495	WP_015907429.1
ATHE_RS04500	WP_014042880.1
ATHE_RS04505	WP_015907430.1
ATHE_RS04520	WP_015907431.1
ATHE_RS04525	WP_015907432.1
ATHE_RS14265	WP_015907434.1
ATHE_RS04535	WP_015907435.1
ATHE_RS04545	WP_041727104.1
ATHE_RS04550	WP_041727106.1
ATHE_RS04555	WP_041727108.1
ATHE_RS04560	WP_015907437.1
ATHE_RS04565	WP_015907438.1
ATHE_RS04570	WP_015907439.1
ATHE_RS04575	WP_015907440.1
ATHE_RS04580	WP_015907441.1
ATHE_RS04585	WP_041727109.1
ATHE_RS04595	WP_015907444.1
ATHE_RS04605	WP_015907446.1
ATHE_RS04615	WP_041727110.1
ATHE_RS04625	WP_015907451.1
ATHE_RS04635	WP_015907453.1
ATHE_RS04640	WP_079504011.1
ATHE_RS04645	WP_015907455.1
ATHE_RS04650	WP_015907456.1
ATHE_RS04655	WP_015907457.1
ATHE_RS04660	WP_015907458.1
ATHE_RS04665	WP_015907459.1
ATHE_RS04670	WP_015907460.1
ATHE_RS04675	WP_013430681.1
ATHE_RS04680	WP_015907461.1
ATHE_RS04685	WP_015907462.1
ATHE_RS04690	WP_015907463.1
ATHE_RS04695	WP_015907464.1
ATHE_RS04700	WP_015907465.1
ATHE_RS04705	WP_015907466.1
ATHE_RS04710	WP_015907467.1
ATHE_RS04715	WP_015907468.1
ATHE_RS04720	WP_015907469.1
ATHE_RS04725	WP_015907470.1
ATHE_RS04730	WP_015907471.1
ATHE_RS04740	WP_015907473.1
ATHE_RS04745	WP_015907474.1
ATHE_RS04750	WP_015907475.1
ATHE_RS04755	WP_015907476.1
ATHE_RS04765	WP_015907478.1
ATHE_RS04770	WP_015907479.1
ATHE_RS04775	WP_015907480.1
ATHE_RS04780	WP_015907481.1
ATHE_RS04785	WP_015907482.1
ATHE_RS04790	WP_015907483.1
ATHE_RS04800	WP_015907484.1
ATHE_RS04805	WP_015907485.1
ATHE_RS04810	WP_015907486.1
ATHE_RS04815	WP_015907487.1
ATHE_RS04820	WP_015907488.1
ATHE_RS04825	WP_015907489.1
ATHE_RS04830	WP_015907490.1
ATHE_RS04835	WP_015907491.1
ATHE_RS04840	WP_015907492.1
ATHE_RS04845	WP_013290832.1
ATHE_RS04850	WP_013290831.1
ATHE_RS04855	WP_013403633.1
ATHE_RS04865	WP_013430653.1
ATHE_RS04870	WP_015907493.1
ATHE_RS04875	WP_015907494.1
ATHE_RS04880	WP_015907495.1
ATHE_RS04885	WP_015907496.1
ATHE_RS04890	WP_015907497.1
ATHE_RS04895	WP_015907498.1
ATHE_RS04900	WP_015907499.1
ATHE_RS04905	WP_015907500.1
ATHE_RS04915	WP_015907501.1
ATHE_RS04920	WP_015907502.1
ATHE_RS04925	WP_013403620.1
ATHE_RS04930	WP_015907503.1
ATHE_RS04935	WP_015907504.1
ATHE_RS04940	WP_015907505.1
ATHE_RS04945	WP_013430636.1
ATHE_RS04950	WP_015907506.1
ATHE_RS04955	WP_015907507.1
ATHE_RS04960	WP_015907508.1
ATHE_RS04965	WP_015907509.1
ATHE_RS04970	WP_015907510.1
ATHE_RS04975	WP_041727112.1
ATHE_RS04980	WP_015907512.1
ATHE_RS04985	WP_015907513.1
ATHE_RS04990	WP_015907514.1
ATHE_RS04995	WP_013411746.1
ATHE_RS05000	WP_015907515.1
ATHE_RS05005	WP_013403605.1
ATHE_RS05010	WP_079504014.1
ATHE_RS05015	WP_015907517.1
ATHE_RS05020	WP_015907518.1
ATHE_RS05025	WP_015907519.1
ATHE_RS05030	WP_015907520.1
ATHE_RS05035	WP_015907521.1
ATHE_RS05040	WP_015907522.1
ATHE_RS05045	WP_015907523.1
ATHE_RS05050	WP_015907524.1
ATHE_RS05055	WP_015907525.1
ATHE_RS05060	WP_015907526.1
ATHE_RS05065	WP_041727114.1
ATHE_RS05070	WP_015907528.1
ATHE_RS05075	WP_015907529.1
ATHE_RS05080	WP_015907530.1
ATHE_RS05085	WP_015907531.1
ATHE_RS05090	WP_015907532.1
ATHE_RS05095	WP_015907533.1
ATHE_RS05100	WP_015907534.1
ATHE_RS05105	WP_015907535.1
ATHE_RS05110	WP_015907536.1
ATHE_RS05115	WP_015907537.1
ATHE_RS05120	WP_041727364.1
ATHE_RS05125	WP_015907540.1
ATHE_RS05130	WP_015907541.1
ATHE_RS14095	WP_015907542.1
ATHE_RS05140	WP_015907543.1
ATHE_RS05145	WP_015907544.1
ATHE_RS05155	WP_041727117.1
ATHE_RS05160	WP_015907546.1
ATHE_RS05165	WP_015907547.1
ATHE_RS05170	WP_015907548.1
ATHE_RS05175	WP_013403578.1
ATHE_RS05180	WP_015907549.1
ATHE_RS05185	WP_013403576.1
ATHE_RS05190	WP_015907550.1
ATHE_RS05195	WP_015907551.1
ATHE_RS05200	WP_015907552.1
ATHE_RS05205	WP_015907553.1
ATHE_RS05210	WP_015907554.1
ATHE_RS05215	WP_079504015.1
ATHE_RS05220	WP_015907556.1
ATHE_RS05225	WP_015907557.1
ATHE_RS05230	WP_015907558.1
ATHE_RS05235	WP_015907559.1
ATHE_RS05240	WP_015907560.1
ATHE_RS05245	WP_015907561.1
ATHE_RS05250	WP_015907562.1
ATHE_RS05255	WP_041727120.1
ATHE_RS05260	WP_015907564.1
ATHE_RS05265	WP_015907565.1
ATHE_RS05270	WP_015907566.1
ATHE_RS05275	WP_015907567.1
ATHE_RS05280	WP_015907568.1
ATHE_RS05285	WP_015907569.1
ATHE_RS05290	WP_015907570.1
ATHE_RS05295	WP_015907571.1
ATHE_RS05300	WP_015907572.1
ATHE_RS05305	WP_015907573.1
ATHE_RS05310	WP_015907574.1
ATHE_RS05315	WP_015907575.1
ATHE_RS05320	WP_015907576.1
ATHE_RS05325	WP_015907577.1
ATHE_RS05330	WP_015907578.1
ATHE_RS05335	WP_015907579.1
ATHE_RS05340	WP_015907580.1
ATHE_RS05345	WP_013430572.1
ATHE_RS05350	WP_015907581.1
ATHE_RS05355	WP_015907582.1
ATHE_RS05360	WP_013430569.1
ATHE_RS05365	WP_015907583.1
ATHE_RS05370	WP_013430567.1
ATHE_RS05375	WP_015907584.1
ATHE_RS05380	WP_015907585.1
ATHE_RS05385	WP_015907586.1
ATHE_RS05390	WP_015907587.1
ATHE_RS05395	WP_015907588.1
ATHE_RS05400	WP_015907589.1
ATHE_RS05405	WP_015907590.1
ATHE_RS05410	WP_015907591.1
ATHE_RS05415	WP_041727122.1
ATHE_RS05420	WP_015907593.1
ATHE_RS05425	WP_013411860.1
ATHE_RS05430	WP_015907594.1
ATHE_RS05435	WP_013430555.1
ATHE_RS05440	WP_013403526.1
ATHE_RS05445	WP_015907595.1
ATHE_RS05450	WP_015907596.1
ATHE_RS05455	WP_015907597.1
ATHE_RS05460	WP_015907598.1
ATHE_RS05465	WP_015907599.1
ATHE_RS05470	WP_015907600.1
ATHE_RS05475	WP_015907601.1
ATHE_RS05480	WP_015907602.1
ATHE_RS05485	WP_041727367.1
ATHE_RS05490	WP_015907604.1
ATHE_RS05495	WP_015907605.1
ATHE_RS05500	WP_015907606.1
ATHE_RS05505	WP_015907607.1
ATHE_RS05510	WP_015907608.1
ATHE_RS05515	WP_013403511.1
ATHE_RS05520	WP_015907609.1
ATHE_RS05525	WP_015907610.1
ATHE_RS05530	WP_013432408.1
ATHE_RS05535	WP_015907611.1
ATHE_RS05540	WP_015907612.1
ATHE_RS14100	WP_015907613.1
ATHE_RS05550	WP_015907614.1
ATHE_RS05555	WP_015907615.1
ATHE_RS05560	WP_015907616.1
ATHE_RS05565	WP_015907617.1
ATHE_RS05570	WP_011917090.1
ATHE_RS05575	WP_015907618.1
ATHE_RS05580	WP_015907619.1
ATHE_RS05585	WP_015907620.1
ATHE_RS05590	WP_041727125.1
ATHE_RS05595	WP_011917095.1
ATHE_RS05600	WP_015907623.1
ATHE_RS05605	WP_013290701.1
ATHE_RS05610	WP_015907624.1
ATHE_RS05615	WP_011917100.1
ATHE_RS05620	WP_013403491.1
ATHE_RS05625	WP_015907625.1
ATHE_RS05630	WP_015907626.1
ATHE_RS05635	WP_015907627.1
ATHE_RS05640	WP_015907628.1
ATHE_RS05645	WP_015907629.1
ATHE_RS05650	WP_015907630.1
ATHE_RS05655	WP_015907631.1
ATHE_RS05660	WP_015907632.1
ATHE_RS05665	WP_013432426.1
ATHE_RS05670	WP_015907633.1
ATHE_RS05675	WP_015907634.1
ATHE_RS05680	WP_041727369.1
ATHE_RS05685	WP_015907636.1
ATHE_RS05690	WP_015907637.1
ATHE_RS05695	WP_015907638.1
ATHE_RS05700	WP_015907639.1
ATHE_RS05705	WP_015907640.1
ATHE_RS05710	WP_015907641.1
ATHE_RS05715	WP_015907642.1
ATHE_RS05720	WP_015907643.1
ATHE_RS05725	WP_041727129.1
ATHE_RS05730	WP_015907645.1
ATHE_RS14270	WP_015907646.1
ATHE_RS05735	WP_015907647.1
ATHE_RS05740	WP_015907648.1
ATHE_RS05745	WP_013430500.1
ATHE_RS05750	WP_015907649.1
ATHE_RS05755	WP_015907650.1
ATHE_RS05760	WP_015907651.1
ATHE_RS05765	WP_015907652.1
ATHE_RS05770	WP_015907653.1
ATHE_RS05775	WP_015907654.1
ATHE_RS05780	WP_015907655.1
ATHE_RS05785	WP_013290663.1
ATHE_RS05790	WP_015907656.1
ATHE_RS05795	WP_015907657.1
ATHE_RS05800	WP_015907658.1
ATHE_RS05805	WP_015907659.1
ATHE_RS05810	WP_015907660.1
ATHE_RS05815	WP_015907661.1
ATHE_RS05820	WP_013430486.1
ATHE_RS05835	WP_015907663.1
ATHE_RS05840	WP_013430483.1
ATHE_RS05845	WP_015907664.1
ATHE_RS05850	WP_015907665.1
ATHE_RS05855	WP_015907666.1
ATHE_RS05860	WP_015907667.1
ATHE_RS05865	WP_015907668.1
ATHE_RS05870	WP_015907669.1
ATHE_RS05875	WP_015907670.1
ATHE_RS05880	WP_015907671.1
ATHE_RS05885	WP_015907672.1
ATHE_RS05890	WP_015907673.1
ATHE_RS05895	WP_015907674.1
ATHE_RS05900	WP_015907675.1
ATHE_RS05905	WP_015907676.1
ATHE_RS05910	WP_015907677.1
ATHE_RS05915	WP_015907678.1
ATHE_RS05920	WP_041727131.1
ATHE_RS05925	WP_015907680.1
ATHE_RS05930	WP_015907681.1
ATHE_RS05935	WP_015907682.1
ATHE_RS05940	WP_015907683.1
ATHE_RS05945	WP_015907684.1
ATHE_RS05950	WP_015907685.1
ATHE_RS05955	WP_015907686.1
ATHE_RS05960	WP_013430461.1
ATHE_RS05965	WP_015907687.1
ATHE_RS05970	WP_015907688.1
ATHE_RS05975	WP_015907689.1
ATHE_RS05980	WP_015907690.1
ATHE_RS05985	WP_015907691.1
ATHE_RS05990	WP_015907692.1
ATHE_RS05995	WP_015907693.1
ATHE_RS06000	WP_015907694.1
ATHE_RS06005	WP_015907695.1
ATHE_RS06010	WP_015907696.1
ATHE_RS06015	WP_079504053.1
ATHE_RS06020	WP_013403406.1
ATHE_RS06025	WP_013430449.1
ATHE_RS06030	WP_015907699.1
ATHE_RS06035	WP_015907700.1
ATHE_RS06040	WP_015907701.1
ATHE_RS06045	WP_015907702.1
ATHE_RS06050	WP_015907703.1
ATHE_RS06055	WP_015907704.1
ATHE_RS06060	WP_015907705.1
ATHE_RS06065	WP_015907706.1
ATHE_RS06070	WP_015907707.1
ATHE_RS06075	WP_015907708.1
ATHE_RS06080	WP_015907709.1
ATHE_RS06085	WP_015907710.1
ATHE_RS06090	WP_015907711.1
ATHE_RS06095	WP_015907712.1
ATHE_RS06100	WP_015907713.1
ATHE_RS06105	WP_015907714.1
ATHE_RS06110	WP_015907715.1
ATHE_RS06115	WP_015907716.1
ATHE_RS06120	WP_015907717.1
ATHE_RS06125	WP_015907718.1
ATHE_RS06130	WP_015907719.1
ATHE_RS06135	WP_013430429.1
ATHE_RS06140	WP_015907720.1
ATHE_RS06145	WP_015907721.1
ATHE_RS06150	WP_015907722.1
ATHE_RS06155	WP_015907723.1
ATHE_RS06160	WP_015907724.1
ATHE_RS06165	WP_015907725.1
ATHE_RS06170	WP_015907726.1
ATHE_RS06175	WP_015907727.1
ATHE_RS06180	WP_015907728.1
ATHE_RS06185	WP_015907729.1
ATHE_RS06190	WP_015907730.1
ATHE_RS06195	WP_015907731.1
ATHE_RS06200	WP_015907732.1
ATHE_RS06205	WP_015907733.1
ATHE_RS06210	WP_015907734.1
ATHE_RS06215	WP_015907735.1
ATHE_RS06220	WP_013430412.1
ATHE_RS06225	WP_015907736.1
ATHE_RS06230	WP_015907737.1
ATHE_RS06235	WP_015907738.1
ATHE_RS06240	WP_015907739.1
ATHE_RS06245	WP_015907740.1
ATHE_RS06250	WP_015907741.1
ATHE_RS06255	WP_015907742.1
ATHE_RS06260	WP_013430404.1
ATHE_RS06265	WP_015907743.1
ATHE_RS06270	WP_015907744.1
ATHE_RS06275	WP_015906731.1
ATHE_RS06280	WP_015907745.1
ATHE_RS06285	WP_015907746.1
ATHE_RS06290	WP_013403355.1
ATHE_RS06295	WP_041727136.1
ATHE_RS06300	WP_015907748.1
ATHE_RS06305	WP_015907749.1
ATHE_RS06310	WP_013403351.1
ATHE_RS06315	WP_015907750.1
ATHE_RS06320	WP_013403349.1
ATHE_RS06325	WP_015907751.1
ATHE_RS06330	WP_015907752.1
ATHE_RS06335	WP_011917352.1
ATHE_RS06340	WP_041727137.1
ATHE_RS06345	WP_015907754.1
ATHE_RS06350	WP_015907755.1
ATHE_RS06355	WP_015907756.1
ATHE_RS06360	WP_015907757.1
ATHE_RS06365	WP_015907758.1
ATHE_RS06370	WP_015907759.1
ATHE_RS06375	WP_015907760.1
ATHE_RS06380	WP_015907761.1
ATHE_RS06385	WP_015907762.1
ATHE_RS06390	WP_015907763.1
ATHE_RS06395	WP_015907764.1
ATHE_RS06400	WP_013403334.1
ATHE_RS06405	WP_015907765.1
ATHE_RS06410	WP_013430381.1
ATHE_RS06415	WP_015907766.1
ATHE_RS06420	WP_015907767.1
ATHE_RS06425	WP_013430378.1
ATHE_RS06430	WP_041727140.1
ATHE_RS06435	WP_015907769.1
ATHE_RS06440	WP_015907770.1
ATHE_RS06445	WP_015907771.1
ATHE_RS06450	WP_013430374.1
ATHE_RS06455	WP_015907772.1
ATHE_RS06460	WP_015907773.1
ATHE_RS06465	WP_015907774.1
ATHE_RS06470	WP_013430370.1
ATHE_RS06475	WP_013430369.1
ATHE_RS06480	WP_015907775.1
ATHE_RS06485	WP_013430367.1
ATHE_RS06490	WP_013430366.1
ATHE_RS06495	WP_015907776.1
ATHE_RS06500	WP_015907777.1
ATHE_RS06505	WP_015907778.1
ATHE_RS06510	WP_015907779.1
ATHE_RS06515	WP_015907780.1
ATHE_RS06520	WP_015907781.1
ATHE_RS06525	WP_015907782.1
ATHE_RS06530	WP_015907783.1
ATHE_RS06535	WP_013430357.1
ATHE_RS06540	WP_015907784.1
ATHE_RS06545	WP_011917393.1
ATHE_RS06550	WP_015907785.1
ATHE_RS06555	WP_015907786.1
ATHE_RS06560	WP_015907787.1
ATHE_RS06565	WP_041727144.1
ATHE_RS06570	WP_015907789.1
ATHE_RS06575	WP_013430350.1
ATHE_RS06580	WP_013430349.1
ATHE_RS06585	WP_015907790.1
ATHE_RS06590	WP_015907791.1
ATHE_RS06595	WP_015907792.1
ATHE_RS14275	WP_013430346.1
ATHE_RS06600	WP_015907793.1
ATHE_RS06605	WP_015907794.1
ATHE_RS06610	WP_088217572.1
ATHE_RS06615	WP_015907796.1
ATHE_RS06620	WP_015907797.1
ATHE_RS06625	WP_015907798.1
ATHE_RS06630	WP_015907799.1
ATHE_RS06635	WP_015907800.1
ATHE_RS06640	WP_015907802.1
ATHE_RS06645	WP_015907803.1
ATHE_RS06650	WP_015907804.1
ATHE_RS06655	WP_015907805.1
ATHE_RS06660	WP_013403283.1
ATHE_RS06665	WP_015907806.1
ATHE_RS06670	WP_015907807.1
ATHE_RS06675	WP_015907808.1
ATHE_RS06680	WP_015907809.1
ATHE_RS06685	WP_015907810.1
ATHE_RS06690	WP_015907811.1
ATHE_RS06695	WP_015907812.1
ATHE_RS06700	WP_015907813.1
ATHE_RS06705	WP_015907814.1
ATHE_RS06710	WP_015907815.1
ATHE_RS06715	WP_015907816.1
ATHE_RS06720	WP_015907817.1
ATHE_RS06725	WP_015907818.1
ATHE_RS06730	WP_013290501.1
ATHE_RS06735	WP_015907819.1
ATHE_RS06740	WP_015907820.1
ATHE_RS06745	WP_015907821.1
ATHE_RS06750	WP_015907822.1
ATHE_RS06755	WP_015907823.1
ATHE_RS06760	WP_015907824.1
ATHE_RS06765	WP_015907825.1
ATHE_RS06770	WP_015907826.1
ATHE_RS06775	WP_015907827.1
ATHE_RS06785	WP_015907829.1
ATHE_RS06790	WP_015907830.1
ATHE_RS06795	WP_015907831.1
ATHE_RS06800	WP_015907832.1
ATHE_RS06805	WP_015907833.1
ATHE_RS06810	WP_015907834.1
ATHE_RS06815	WP_015907835.1
ATHE_RS06820	WP_015907836.1
ATHE_RS06825	WP_015907837.1
ATHE_RS06830	WP_015907836.1
ATHE_RS06835	WP_015907838.1
ATHE_RS06840	WP_015907839.1
ATHE_RS06845	WP_015907840.1
ATHE_RS06850	WP_015907841.1
ATHE_RS06855	WP_015907842.1
ATHE_RS06860	WP_015907843.1
ATHE_RS06865	WP_015907844.1
ATHE_RS06870	WP_015907845.1
ATHE_RS06875	WP_015907846.1
ATHE_RS06880	WP_015907847.1
ATHE_RS06885	WP_015907848.1
ATHE_RS06890	WP_015907849.1
ATHE_RS06895	WP_015907850.1
ATHE_RS06900	WP_015907851.1
ATHE_RS06905	WP_015907852.1
ATHE_RS06910	WP_015907853.1
ATHE_RS06915	WP_015907854.1
ATHE_RS06920	WP_015907855.1
ATHE_RS06925	WP_015907856.1
ATHE_RS06930	WP_015907857.1
ATHE_RS06935	WP_015907858.1
ATHE_RS06940	WP_015907859.1
ATHE_RS06945	WP_015907860.1
ATHE_RS06950	WP_015907861.1
ATHE_RS06955	WP_015907862.1
ATHE_RS06960	WP_015907863.1
ATHE_RS06965	WP_015907864.1
ATHE_RS06970	WP_015907865.1
ATHE_RS06980	WP_015907866.1
ATHE_RS06985	WP_015907867.1
ATHE_RS06990	WP_013290458.1
ATHE_RS06995	WP_015907868.1
ATHE_RS07000	WP_015907869.1
ATHE_RS07005	WP_015907870.1
ATHE_RS07010	WP_015907871.1
ATHE_RS07015	WP_015907872.1
ATHE_RS07020	WP_015907873.1
ATHE_RS07025	WP_015907875.1
ATHE_RS07030	WP_015907876.1
ATHE_RS07035	WP_015907877.1
ATHE_RS07040	WP_013430270.1
ATHE_RS07045	WP_015907878.1
ATHE_RS07050	WP_015907879.1
ATHE_RS07055	WP_013290438.1
ATHE_RS07060	WP_015907880.1
ATHE_RS07065	WP_013430265.1
ATHE_RS07070	WP_015907881.1
ATHE_RS07075	WP_015907882.1
ATHE_RS07080	WP_015907883.1
ATHE_RS07085	WP_015907884.1
ATHE_RS07090	WP_015907885.1
ATHE_RS07095	WP_015907886.1
ATHE_RS07100	WP_015907887.1
ATHE_RS07105	WP_015907888.1
ATHE_RS07110	WP_015907889.1
ATHE_RS07115	WP_015907890.1
ATHE_RS07120	WP_015907891.1
ATHE_RS07125	WP_013290424.1
ATHE_RS07130	WP_015907892.1
ATHE_RS07135	WP_015907893.1
ATHE_RS07140	WP_015907894.1
ATHE_RS07145	WP_015907895.1
ATHE_RS07150	WP_015907896.1
ATHE_RS07155	WP_015907897.1
ATHE_RS07160	WP_015907898.1
ATHE_RS07165	WP_015907899.1
ATHE_RS07170	WP_013430244.1
ATHE_RS07175	WP_015907900.1
ATHE_RS07180	WP_015907901.1
ATHE_RS07185	WP_015907902.1
ATHE_RS07190	WP_015907903.1
ATHE_RS07195	WP_013430239.1
ATHE_RS07200	WP_015907904.1
ATHE_RS07205	WP_015907905.1
ATHE_RS07210	WP_015907906.1
ATHE_RS07215	WP_015907907.1
ATHE_RS07220	WP_015907908.1
ATHE_RS07225	WP_015907909.1
ATHE_RS07230	WP_015907910.1
ATHE_RS07235	WP_013430231.1
ATHE_RS07240	WP_015907911.1
ATHE_RS07245	WP_015907912.1
ATHE_RS07250	WP_015907913.1
ATHE_RS07255	WP_015907914.1
ATHE_RS07260	WP_015907915.1
ATHE_RS07265	WP_015907916.1
ATHE_RS07270	WP_015907917.1
ATHE_RS07275	WP_049760253.1
ATHE_RS07280	WP_015907919.1
ATHE_RS07285	WP_015907920.1
ATHE_RS07290	WP_015907921.1
ATHE_RS07295	WP_015907922.1
ATHE_RS07300	WP_015907923.1
ATHE_RS07305	WP_015907924.1
ATHE_RS07310	WP_015907925.1
ATHE_RS07315	WP_015907926.1
ATHE_RS07320	WP_041727147.1
ATHE_RS07325	WP_015907928.1
ATHE_RS07330	WP_015907929.1
ATHE_RS07335	WP_015907930.1
ATHE_RS07340	WP_015907931.1
ATHE_RS07345	WP_015907932.1
ATHE_RS07350	WP_015907933.1
ATHE_RS07355	WP_015907934.1
ATHE_RS07360	WP_015907935.1
ATHE_RS07365	WP_015907936.1
ATHE_RS07370	WP_015907937.1
ATHE_RS07375	WP_013430203.1
ATHE_RS07380	WP_015907938.1
ATHE_RS07385	WP_015907939.1
ATHE_RS07390	WP_015907940.1
ATHE_RS07395	WP_013430199.1
ATHE_RS07400	WP_015907941.1
ATHE_RS07405	WP_015907942.1
ATHE_RS07410	WP_015907943.1
ATHE_RS07415	WP_015907944.1
ATHE_RS07420	WP_015907945.1
ATHE_RS07425	WP_013430193.1
ATHE_RS07430	WP_049760254.1
ATHE_RS07435	WP_015907947.1
ATHE_RS07440	WP_013430190.1
ATHE_RS07445	WP_013430189.1
ATHE_RS07450	WP_015907948.1
ATHE_RS07455	WP_013430187.1
ATHE_RS07460	WP_015907950.1
ATHE_RS07465	WP_015907951.1
ATHE_RS07470	WP_015907952.1
ATHE_RS07475	WP_015907953.1
ATHE_RS07480	WP_015907954.1
ATHE_RS07485	WP_015907955.1
ATHE_RS07490	WP_013403131.1
ATHE_RS07495	WP_015907956.1
ATHE_RS07500	WP_015907957.1
ATHE_RS07505	WP_015907958.1
ATHE_RS07510	WP_015907959.1
ATHE_RS07515	WP_015907960.1
ATHE_RS07520	WP_015907961.1
ATHE_RS07525	WP_015907962.1
ATHE_RS07530	WP_013430173.1
ATHE_RS07535	WP_015907963.1
ATHE_RS07545	WP_015907964.1
ATHE_RS07555	WP_015907967.1
ATHE_RS07560	WP_015907968.1
ATHE_RS07590	WP_013430170.1
ATHE_RS07595	WP_015907969.1
ATHE_RS07600	WP_015907970.1
ATHE_RS07605	WP_015907971.1
ATHE_RS07610	WP_013430166.1
ATHE_RS07615	WP_015907972.1
ATHE_RS07620	WP_015907973.1
ATHE_RS07625	WP_015907974.1
ATHE_RS07630	WP_015907975.1
ATHE_RS07635	WP_015907976.1
ATHE_RS07640	WP_015907977.1
ATHE_RS07645	WP_015907978.1
ATHE_RS07650	WP_015907979.1
ATHE_RS07655	WP_015907980.1
ATHE_RS07660	WP_013430156.1
ATHE_RS07665	WP_013430155.1
ATHE_RS07670	WP_013430154.1
ATHE_RS07675	WP_013290321.1
ATHE_RS07690	WP_013290320.1
ATHE_RS07695	WP_015907981.1
ATHE_RS07700	WP_015907982.1
ATHE_RS07705	WP_015907983.1
ATHE_RS07715	WP_015907984.1
ATHE_RS07720	WP_015907985.1
ATHE_RS07725	WP_015907986.1
ATHE_RS07730	WP_015907987.1
ATHE_RS07735	WP_015907988.1
ATHE_RS07740	WP_015907989.1
ATHE_RS07745	WP_079504017.1
ATHE_RS07750	WP_015907991.1
ATHE_RS07755	WP_015907992.1
ATHE_RS07760	WP_015907993.1
ATHE_RS07765	WP_015907994.1
ATHE_RS07770	WP_015907995.1
ATHE_RS07775	WP_015907996.1
ATHE_RS07780	WP_015907997.1
ATHE_RS07785	WP_013430136.1
ATHE_RS07790	WP_015907998.1
ATHE_RS07795	WP_015907999.1
ATHE_RS07800	WP_015908000.1
ATHE_RS07805	WP_015908001.1
ATHE_RS07810	WP_015908002.1
ATHE_RS07820	WP_015908003.1
ATHE_RS07825	WP_015908004.1
ATHE_RS07830	WP_015908005.1
ATHE_RS07835	WP_013430127.1
ATHE_RS07840	WP_015908006.1
ATHE_RS07845	WP_013403073.1
ATHE_RS07850	WP_015908007.1
ATHE_RS07855	WP_015908008.1
ATHE_RS07865	WP_015908010.1
ATHE_RS07870	WP_015908011.1
ATHE_RS07890	WP_015908013.1
ATHE_RS07895	WP_015908014.1
ATHE_RS07900	WP_015908015.1
ATHE_RS07905	WP_015908016.1
ATHE_RS07910	WP_015908017.1
ATHE_RS07915	WP_015908018.1
ATHE_RS07920	WP_015908019.1
ATHE_RS07925	WP_041727386.1
ATHE_RS07930	WP_015908022.1
ATHE_RS07935	WP_015908023.1
ATHE_RS07940	WP_015908024.1
ATHE_RS07945	WP_015908025.1
ATHE_RS07950	WP_015908026.1
ATHE_RS07960	WP_015908028.1
ATHE_RS07965	WP_041727154.1
ATHE_RS07970	WP_015908029.1
ATHE_RS07975	WP_015908030.1
ATHE_RS07980	WP_015908031.1
ATHE_RS07995	WP_015908033.1
ATHE_RS08000	WP_015908034.1
ATHE_RS08005	WP_015908036.1
ATHE_RS08010	WP_015908037.1
ATHE_RS08015	WP_015908038.1
ATHE_RS08020	WP_015908039.1
ATHE_RS08025	WP_015908040.1
ATHE_RS08030	WP_013403048.1
ATHE_RS08035	WP_013403047.1
ATHE_RS08040	WP_015908041.1
ATHE_RS08045	WP_013403045.1
ATHE_RS08050	WP_013403044.1
ATHE_RS08055	WP_015908042.1
ATHE_RS08060	WP_015908043.1
ATHE_RS08065	WP_015908044.1
ATHE_RS08070	WP_015908045.1
ATHE_RS08075	WP_015908046.1
ATHE_RS08080	WP_015908047.1
ATHE_RS08085	WP_013430092.1
ATHE_RS08090	WP_015908048.1
ATHE_RS08095	WP_015908049.1
ATHE_RS08100	WP_015908050.1
ATHE_RS08105	WP_015908051.1
ATHE_RS08110	WP_015908052.1
ATHE_RS08115	WP_015908053.1
ATHE_RS08120	WP_015908054.1
ATHE_RS08125	WP_015908055.1
ATHE_RS08130	WP_013290262.1
ATHE_RS08135	WP_013430081.1
ATHE_RS08140	WP_015908056.1
ATHE_RS08145	WP_015908057.1
ATHE_RS08150	WP_013430078.1
ATHE_RS08155	WP_013403025.1
ATHE_RS08160	WP_015908058.1
ATHE_RS08165	WP_013430076.1
ATHE_RS08170	WP_015908059.1
ATHE_RS08175	WP_015908061.1
ATHE_RS08180	WP_015908062.1
ATHE_RS08185	WP_015908063.1
ATHE_RS08190	WP_041727156.1
ATHE_RS08195	WP_015908065.1
ATHE_RS08200	WP_015908066.1
ATHE_RS08205	WP_015908067.1
ATHE_RS08210	WP_015908068.1
ATHE_RS08215	WP_015908069.1
ATHE_RS08220	WP_015908070.1
ATHE_RS08225	WP_015908071.1
ATHE_RS08230	WP_015908072.1
ATHE_RS08235	WP_015908073.1
ATHE_RS08240	WP_015908074.1
ATHE_RS08245	WP_015908075.1
ATHE_RS08250	WP_015908076.1
ATHE_RS08255	WP_041727158.1
ATHE_RS08260	WP_041727389.1
ATHE_RS08265	WP_015908079.1
ATHE_RS08270	WP_015908080.1
ATHE_RS08275	WP_015908081.1
ATHE_RS08280	WP_041727390.1
ATHE_RS08285	WP_015908083.1
ATHE_RS08290	WP_015908084.1
ATHE_RS08295	WP_015908085.1
ATHE_RS08300	WP_015908086.1
ATHE_RS14105	WP_015908087.1
ATHE_RS08310	WP_015908088.1
ATHE_RS08315	WP_015908089.1
ATHE_RS08320	WP_049760256.1
ATHE_RS08325	WP_015908091.1
ATHE_RS08330	WP_015908092.1
ATHE_RS08335	WP_015908093.1
ATHE_RS08340	WP_015908094.1
ATHE_RS08345	WP_015908095.1
ATHE_RS08350	WP_015908096.1
ATHE_RS08355	WP_015908097.1
ATHE_RS08360	WP_015908098.1
ATHE_RS08365	WP_015908099.1
ATHE_RS08370	WP_015908100.1
ATHE_RS08375	WP_015908101.1
ATHE_RS08380	WP_015908102.1
ATHE_RS08385	WP_015908103.1
ATHE_RS08390	WP_015908104.1
ATHE_RS08395	WP_013430025.1
ATHE_RS08400	WP_015908105.1
ATHE_RS08405	WP_079504023.1
ATHE_RS08410	WP_041727394.1
ATHE_RS08415	WP_015908108.1
ATHE_RS08425	WP_015906731.1
ATHE_RS08430	WP_015908109.1
ATHE_RS08440	WP_015908110.1
ATHE_RS08445	WP_015908111.1
ATHE_RS08450	WP_015908112.1
ATHE_RS08455	WP_015908113.1
ATHE_RS08460	WP_013290205.1
ATHE_RS08465	WP_015908114.1
ATHE_RS08470	WP_015908115.1
ATHE_RS08475	WP_015908116.1
ATHE_RS08480	WP_015908117.1
ATHE_RS08485	WP_015908118.1
ATHE_RS08490	WP_015908119.1
ATHE_RS08495	WP_015908120.1
ATHE_RS08500	WP_015908121.1
ATHE_RS08505	WP_015908122.1
ATHE_RS08510	WP_015908123.1
ATHE_RS08515	WP_015908124.1
ATHE_RS08520	WP_015908125.1
ATHE_RS08525	WP_015908126.1
ATHE_RS08530	WP_013430001.1
ATHE_RS08535	WP_015908127.1
ATHE_RS08540	WP_015908128.1
ATHE_RS08545	WP_015908129.1
ATHE_RS08550	WP_015908130.1
ATHE_RS08580	WP_015908131.1
ATHE_RS08585	WP_015908132.1
ATHE_RS08590	WP_015908133.1
ATHE_RS08595	WP_015908134.1
ATHE_RS08600	WP_015908135.1
ATHE_RS08605	WP_013402945.1
ATHE_RS08610	WP_015908136.1
ATHE_RS08615	WP_013429990.1
ATHE_RS08630	WP_013402941.1
ATHE_RS08635	WP_015908137.1
ATHE_RS08640	WP_015908138.1
ATHE_RS08645	WP_011917765.1
ATHE_RS08650	WP_013290174.1
ATHE_RS08655	WP_011917767.1
ATHE_RS08660	WP_013290172.1
ATHE_RS08665	WP_013412367.1
ATHE_RS08670	WP_015908139.1
ATHE_RS08675	WP_013429981.1
ATHE_RS08680	WP_013429980.1
ATHE_RS08685	WP_015908140.1
ATHE_RS08690	WP_013402934.1
ATHE_RS08695	WP_013429978.1
ATHE_RS08700	WP_015908141.1
ATHE_RS08705	WP_013429976.1
ATHE_RS08710	WP_011917778.1
ATHE_RS08715	WP_015908142.1
ATHE_RS08720	WP_015908143.1
ATHE_RS08725	WP_013290160.1
ATHE_RS08730	WP_079504054.1
ATHE_RS08735	WP_013429973.1
ATHE_RS08740	WP_013402927.1
ATHE_RS08745	WP_015908144.1
ATHE_RS08750	WP_013290155.1
ATHE_RS08755	WP_013290154.1
ATHE_RS08760	WP_013402925.1
ATHE_RS08765	WP_013402924.1
ATHE_RS08770	WP_015908145.1
ATHE_RS08775	WP_015908146.1
ATHE_RS08780	WP_013290149.1
ATHE_RS08785	WP_013429968.1
ATHE_RS08790	WP_015908147.1
ATHE_RS08795	WP_015908148.1
ATHE_RS08800	WP_015908149.1
ATHE_RS08805	WP_015908150.1
ATHE_RS08810	WP_015908151.1
ATHE_RS08815	WP_015908152.1
ATHE_RS08820	WP_015908153.1
ATHE_RS08825	WP_013290141.1
ATHE_RS08830	WP_015908154.1
ATHE_RS08835	WP_041727164.1
ATHE_RS08840	WP_013432999.1
ATHE_RS08845	WP_013429960.1
ATHE_RS08850	WP_015908155.1
ATHE_RS08855	WP_015908156.1
ATHE_RS08860	WP_015908157.1
ATHE_RS08865	WP_015908158.1
ATHE_RS08870	WP_015908159.1
ATHE_RS08875	WP_015908160.1
ATHE_RS08880	WP_015908161.1
ATHE_RS08885	WP_015908162.1
ATHE_RS08890	WP_015908163.1
ATHE_RS08895	WP_015908164.1
ATHE_RS08900	WP_015908165.1
ATHE_RS08905	WP_015908166.1
ATHE_RS08910	WP_015908167.1
ATHE_RS08915	WP_015908168.1
ATHE_RS08920	WP_041727165.1
ATHE_RS08925	WP_015908170.1
ATHE_RS08930	WP_041727166.1
ATHE_RS08935	WP_015908172.1
ATHE_RS08940	WP_041727395.1
ATHE_RS08945	WP_015908174.1
ATHE_RS08950	WP_015908175.1
ATHE_RS08955	WP_015908176.1
ATHE_RS08960	WP_015908177.1
ATHE_RS08965	WP_015908178.1
ATHE_RS08970	WP_015908179.1
ATHE_RS08975	WP_015908180.1
ATHE_RS08980	WP_013429933.1
ATHE_RS08985	WP_015908181.1
ATHE_RS08990	WP_015908182.1
ATHE_RS08995	WP_015908183.1
ATHE_RS09000	WP_015908184.1
ATHE_RS09005	WP_013429928.1
ATHE_RS09010	WP_015908185.1
ATHE_RS09015	WP_013429926.1
ATHE_RS09020	WP_015908186.1
ATHE_RS09025	WP_041727398.1
ATHE_RS09030	WP_013429923.1
ATHE_RS09035	WP_015908188.1
ATHE_RS09040	WP_015908189.1
ATHE_RS09045	WP_015908190.1
ATHE_RS09050	WP_015908191.1
ATHE_RS09055	WP_015908192.1
ATHE_RS09060	WP_015908193.1
ATHE_RS09065	WP_015908194.1
ATHE_RS09070	WP_015908195.1
ATHE_RS09075	WP_015908196.1
ATHE_RS09080	WP_015908197.1
ATHE_RS09085	WP_015908198.1
ATHE_RS09090	WP_015908199.1
ATHE_RS09095	WP_015908200.1
ATHE_RS09100	WP_015908201.1
ATHE_RS09105	WP_015908202.1
ATHE_RS09110	WP_015908203.1
ATHE_RS09115	WP_013402856.1
ATHE_RS09120	WP_015908204.1
ATHE_RS09125	WP_015908205.1
ATHE_RS09130	WP_015908206.1
ATHE_RS09135	WP_015908207.1
ATHE_RS09140	WP_015908208.1
ATHE_RS09145	WP_015908209.1
ATHE_RS09150	WP_015908210.1
ATHE_RS09155	WP_015908211.1
ATHE_RS09160	WP_015908212.1
ATHE_RS09165	WP_015908213.1
ATHE_RS09170	WP_015908214.1
ATHE_RS09175	WP_015908215.1
ATHE_RS09180	WP_015908216.1
ATHE_RS09185	WP_015908217.1
ATHE_RS09190	WP_013429898.1
ATHE_RS09195	WP_015908218.1
ATHE_RS09200	WP_013290922.1
ATHE_RS09205	WP_015908219.1
ATHE_RS09210	WP_015908220.1
ATHE_RS09215	WP_015908221.1
ATHE_RS09220	WP_015908222.1
ATHE_RS09225	WP_015908223.1
ATHE_RS09230	WP_015908224.1
ATHE_RS09235	WP_015908225.1
ATHE_RS09240	WP_015908226.1
ATHE_RS09245	WP_015908227.1
ATHE_RS09250	WP_015908228.1
ATHE_RS09255	WP_041727399.1
ATHE_RS09265	WP_015908230.1
ATHE_RS09270	WP_015908231.1
ATHE_RS09285	WP_015908233.1
ATHE_RS09305	WP_015908236.1
ATHE_RS09310	WP_041727168.1
ATHE_RS09315	WP_015908238.1
ATHE_RS09320	WP_015908239.1
ATHE_RS09325	WP_015908240.1
ATHE_RS09330	WP_015908242.1
ATHE_RS09335	WP_015908243.1
ATHE_RS09340	WP_015908244.1
ATHE_RS09345	WP_015908245.1
ATHE_RS09350	WP_015908246.1
ATHE_RS09355	WP_015908247.1
ATHE_RS14305	WP_015908248.1
ATHE_RS14110	WP_015908249.1
ATHE_RS09370	WP_015908250.1
ATHE_RS09380	WP_015908252.1
ATHE_RS09385	WP_015908253.1
ATHE_RS09390	WP_015908254.1
ATHE_RS09395	WP_015908255.1
ATHE_RS09400	WP_015908256.1
ATHE_RS09405	WP_015908257.1
ATHE_RS09410	WP_015908258.1
ATHE_RS09415	WP_015908259.1
ATHE_RS09420	WP_015908260.1
ATHE_RS09425	WP_013429858.1
ATHE_RS09430	WP_015908262.1
ATHE_RS09435	WP_015908263.1
ATHE_RS09440	WP_041727170.1
ATHE_RS09445	WP_015908265.1
ATHE_RS09450	WP_015908266.1
ATHE_RS09455	WP_015908267.1
ATHE_RS09460	WP_015908268.1
ATHE_RS09465	WP_013429850.1
ATHE_RS09480	WP_015908271.1
ATHE_RS09485	WP_015908272.1
ATHE_RS09490	WP_015908273.1
ATHE_RS09495	WP_015908274.1
ATHE_RS09500	WP_015908275.1
ATHE_RS09505	WP_015908276.1
ATHE_RS09510	WP_015908277.1
ATHE_RS09515	WP_015908278.1
ATHE_RS09520	WP_015908279.1
ATHE_RS09525	WP_015908280.1
ATHE_RS09530	WP_015908281.1
ATHE_RS09535	WP_015908282.1
ATHE_RS09540	WP_015908283.1
ATHE_RS09545	WP_015908284.1
ATHE_RS09550	WP_015908285.1
ATHE_RS09555	WP_015908286.1
ATHE_RS09560	WP_015908287.1
ATHE_RS09565	WP_015908288.1
ATHE_RS09570	WP_015908290.1
ATHE_RS09575	WP_013429831.1
ATHE_RS09580	WP_015908291.1
ATHE_RS09585	WP_015908292.1
ATHE_RS09590	WP_041727408.1
ATHE_RS09595	WP_015908294.1
ATHE_RS09600	WP_015908295.1
ATHE_RS09605	WP_015908296.1
ATHE_RS09610	WP_015908297.1
ATHE_RS09615	WP_015908298.1
ATHE_RS09620	WP_015908299.1
ATHE_RS09625	WP_013291003.1
ATHE_RS09630	WP_015908300.1
ATHE_RS09635	WP_015908301.1
ATHE_RS09640	WP_015908302.1
ATHE_RS09645	WP_015908303.1
ATHE_RS09650	WP_015908304.1
ATHE_RS09655	WP_015908305.1
ATHE_RS09660	WP_015908306.1
ATHE_RS09665	WP_015908307.1
ATHE_RS09670	WP_015907403.1
ATHE_RS09680	WP_015908308.1
ATHE_RS09690	WP_015908309.1
ATHE_RS09695	WP_015908310.1
ATHE_RS09700	WP_015908311.1
ATHE_RS09705	WP_015908312.1
ATHE_RS09710	WP_013429793.1
ATHE_RS09715	WP_015908313.1
ATHE_RS09720	WP_015908314.1
ATHE_RS09725	WP_015908315.1
ATHE_RS09730	WP_041727409.1
ATHE_RS09735	WP_015908317.1
ATHE_RS09740	WP_015908318.1
ATHE_RS09745	WP_015908319.1
ATHE_RS09750	WP_015908320.1
ATHE_RS09755	WP_015908321.1
ATHE_RS09760	WP_015908322.1
ATHE_RS09765	WP_015908323.1
ATHE_RS09770	WP_015908324.1
ATHE_RS09775	WP_079504026.1
ATHE_RS09780	WP_015908326.1
ATHE_RS09785	WP_015908327.1
ATHE_RS09790	WP_041727173.1
ATHE_RS09795	WP_013429776.1
ATHE_RS09800	WP_015908329.1
ATHE_RS09805	WP_015908330.1
ATHE_RS09810	WP_015908331.1
ATHE_RS09815	WP_015908332.1
ATHE_RS09820	WP_015908333.1
ATHE_RS09825	WP_013402750.1
ATHE_RS09830	WP_015908334.1
ATHE_RS09835	WP_015908335.1
ATHE_RS09840	WP_015908336.1
ATHE_RS09845	WP_015908337.1
ATHE_RS09850	WP_041727174.1
ATHE_RS09855	WP_015908339.1
ATHE_RS09860	WP_015908340.1
ATHE_RS09865	WP_015908341.1
ATHE_RS09870	WP_015908342.1
ATHE_RS09875	WP_015908343.1
ATHE_RS09880	WP_015908344.1
ATHE_RS09885	WP_015908345.1
ATHE_RS09890	WP_015908346.1
ATHE_RS09895	WP_013291047.1
ATHE_RS09900	WP_015908347.1
ATHE_RS09915	WP_015908348.1
ATHE_RS09920	WP_015908349.1
ATHE_RS09925	WP_013432084.1
ATHE_RS09930	WP_013402742.1
ATHE_RS09935	WP_015908350.1
ATHE_RS09940	WP_015908351.1
ATHE_RS09945	WP_015908352.1
ATHE_RS09950	WP_015908353.1
ATHE_RS09955	WP_015908354.1
ATHE_RS09960	WP_013429749.1
ATHE_RS09965	WP_015908355.1
ATHE_RS14310	WP_079504027.1
ATHE_RS09980	WP_015908356.1
ATHE_RS14315	WP_088217567.1
ATHE_RS09990	WP_015908358.1
ATHE_RS09995	WP_015908359.1
ATHE_RS10000	WP_015908360.1
ATHE_RS10005	WP_015908361.1
ATHE_RS10010	WP_015908362.1
ATHE_RS10015	WP_015908363.1
ATHE_RS10020	WP_015908364.1
ATHE_RS10025	WP_015908365.1
ATHE_RS10030	WP_015908366.1
ATHE_RS10035	WP_015908367.1
ATHE_RS10040	WP_015908368.1
ATHE_RS10045	WP_015908369.1
ATHE_RS10050	WP_041727176.1
ATHE_RS10060	WP_015908372.1
ATHE_RS10065	WP_041727178.1
ATHE_RS10070	WP_049760258.1
ATHE_RS14115	WP_049760259.1
ATHE_RS10075	WP_015908374.1
ATHE_RS10080	WP_041727417.1
ATHE_RS10085	WP_015908376.1
ATHE_RS10095	WP_079504030.1
ATHE_RS10115	WP_015908377.1
ATHE_RS14330	WP_079504031.1
ATHE_RS14120	WP_049760260.1
ATHE_RS10125	WP_049760261.1
ATHE_RS10135	WP_041727181.1
ATHE_RS10140	WP_015908380.1
ATHE_RS10145	WP_015908381.1
ATHE_RS10155	WP_015908382.1
ATHE_RS10160	WP_015908384.1
ATHE_RS10165	WP_041727420.1
ATHE_RS10170	WP_015908386.1
ATHE_RS10175	WP_015908387.1
ATHE_RS10185	WP_015908389.1
ATHE_RS10195	WP_015908390.1
ATHE_RS10200	WP_015908391.1
ATHE_RS10205	WP_015908392.1
ATHE_RS10210	WP_015908393.1
ATHE_RS10220	WP_088217574.1
ATHE_RS10225	WP_015908396.1
ATHE_RS10230	WP_015908397.1
ATHE_RS10235	WP_015908398.1
ATHE_RS10240	WP_015908399.1
ATHE_RS10245	WP_015908400.1
ATHE_RS10250	WP_015908401.1
ATHE_RS10255	WP_013429659.1
ATHE_RS10260	WP_013429658.1
ATHE_RS10265	WP_015908402.1
ATHE_RS10270	WP_015908403.1
ATHE_RS10275	WP_013429655.1
ATHE_RS10280	WP_015908404.1
ATHE_RS10285	WP_013429653.1
ATHE_RS10290	WP_015908405.1
ATHE_RS10295	WP_015908406.1
ATHE_RS10300	WP_015908407.1
ATHE_RS10305	WP_013429649.1
ATHE_RS10310	WP_015908408.1
ATHE_RS10315	WP_015908409.1
ATHE_RS10320	WP_015908410.1
ATHE_RS10325	WP_015908411.1
ATHE_RS10330	WP_015908412.1
ATHE_RS10335	WP_015908413.1
ATHE_RS10340	WP_015908414.1
ATHE_RS10345	WP_015908415.1
ATHE_RS10350	WP_015908416.1
ATHE_RS10355	WP_015908417.1
ATHE_RS10360	WP_015908418.1
ATHE_RS14340	WP_013429637.1
ATHE_RS10365	WP_015908419.1
ATHE_RS10370	WP_015908420.1
ATHE_RS10375	WP_015908421.1
ATHE_RS10380	WP_015908422.1
ATHE_RS10385	WP_015908423.1
ATHE_RS10390	WP_015908424.1
ATHE_RS10395	WP_013291114.1
ATHE_RS10400	WP_015908425.1
ATHE_RS10405	WP_015908426.1
ATHE_RS10410	WP_015908427.1
ATHE_RS10415	WP_015908428.1
ATHE_RS10420	WP_015908429.1
ATHE_RS10425	WP_015908430.1
ATHE_RS10430	WP_015908431.1
ATHE_RS10435	WP_015908432.1
ATHE_RS10440	WP_041727423.1
ATHE_RS10445	WP_013429600.1
ATHE_RS10450	WP_015908434.1
ATHE_RS10455	WP_015908435.1
ATHE_RS10460	WP_015908436.1
ATHE_RS10465	WP_015908437.1
ATHE_RS10470	WP_015908438.1
ATHE_RS10475	WP_079504033.1
ATHE_RS10480	WP_013429593.1
ATHE_RS10485	WP_015906876.1
ATHE_RS10495	WP_015908441.1
ATHE_RS10500	WP_015908442.1
ATHE_RS10505	WP_015908443.1
ATHE_RS10510	WP_015908444.1
ATHE_RS10515	WP_015908445.1
ATHE_RS10520	WP_015908446.1
ATHE_RS10525	WP_013412642.1
ATHE_RS10530	WP_015908447.1
ATHE_RS10540	WP_015908448.1
ATHE_RS10545	WP_015908449.1
ATHE_RS10550	WP_015908450.1
ATHE_RS10555	WP_015908451.1
ATHE_RS10565	WP_015908453.1
ATHE_RS10570	WP_015908454.1
ATHE_RS10575	WP_015908455.1
ATHE_RS10580	WP_015908456.1
ATHE_RS10585	WP_015908457.1
ATHE_RS10590	WP_015908458.1
ATHE_RS10595	WP_015908459.1
ATHE_RS10605	WP_015908460.1
ATHE_RS10610	WP_041727425.1
ATHE_RS10615	WP_015908462.1
ATHE_RS10620	WP_041727189.1
ATHE_RS10625	WP_015908463.1
ATHE_RS10630	WP_015908464.1
ATHE_RS10635	WP_013412665.1
ATHE_RS10640	WP_015908465.1
ATHE_RS10645	WP_015908466.1
ATHE_RS10650	WP_015908467.1
ATHE_RS10655	WP_014043029.1
ATHE_RS10660	WP_011916845.1
ATHE_RS10665	WP_015908468.1
ATHE_RS10670	WP_015908469.1
ATHE_RS10675	WP_015908470.1
ATHE_RS10680	WP_015908471.1
ATHE_RS10685	WP_015908472.1
ATHE_RS10690	WP_013402574.1
ATHE_RS10695	WP_015908473.1
ATHE_RS10700	WP_015908474.1
ATHE_RS10705	WP_015908475.1
ATHE_RS10710	WP_015908476.1
ATHE_RS10715	WP_015908477.1
ATHE_RS10720	WP_015908478.1
ATHE_RS10725	WP_015908479.1
ATHE_RS10730	WP_015908480.1
ATHE_RS10735	WP_013402565.1
ATHE_RS10740	WP_011916829.1
ATHE_RS10745	WP_015908481.1
ATHE_RS10750	WP_015908482.1
ATHE_RS10755	WP_015908483.1
ATHE_RS10760	WP_015908484.1
ATHE_RS10765	WP_015908485.1
ATHE_RS10770	WP_015908486.1
ATHE_RS10775	WP_015908487.1
ATHE_RS10780	WP_015908488.1
ATHE_RS10785	WP_015908489.1
ATHE_RS10790	WP_015908490.1
ATHE_RS10795	WP_015908491.1
ATHE_RS10800	WP_015908492.1
ATHE_RS10805	WP_015908493.1
ATHE_RS10810	WP_015908494.1
ATHE_RS10815	WP_015908495.1
ATHE_RS10820	WP_015908496.1
ATHE_RS10825	WP_013429535.1
ATHE_RS10830	WP_015908497.1
ATHE_RS10835	WP_079504034.1
ATHE_RS10840	WP_015908499.1
ATHE_RS10845	WP_013291202.1
ATHE_RS10850	WP_015908500.1
ATHE_RS10855	WP_015908501.1
ATHE_RS10860	WP_013429529.1
ATHE_RS10865	WP_013429528.1
ATHE_RS10870	WP_015908502.1
ATHE_RS10875	WP_015908503.1
ATHE_RS10880	WP_015908504.1
ATHE_RS10885	WP_015908505.1
ATHE_RS10890	WP_015908506.1
ATHE_RS10895	WP_015908507.1
ATHE_RS10900	WP_015908508.1
ATHE_RS10905	WP_015908509.1
ATHE_RS10910	WP_013429519.1
ATHE_RS10915	WP_015908510.1
ATHE_RS10920	WP_015908511.1
ATHE_RS10925	WP_041727191.1
ATHE_RS10930	WP_015908513.1
ATHE_RS10935	WP_015908514.1
ATHE_RS10940	WP_015908515.1
ATHE_RS10945	WP_015908516.1
ATHE_RS10950	WP_015908517.1
ATHE_RS10955	WP_015908518.1
ATHE_RS10960	WP_015908519.1
ATHE_RS10965	WP_015908520.1
ATHE_RS10970	WP_015908521.1
ATHE_RS10975	WP_015908522.1
ATHE_RS10980	WP_015908523.1
ATHE_RS10985	WP_015908524.1
ATHE_RS10990	WP_041727196.1
ATHE_RS10995	WP_015908526.1
ATHE_RS11000	WP_015908527.1
ATHE_RS11005	WP_015908528.1
ATHE_RS11010	WP_015908529.1
ATHE_RS11015	WP_015908530.1
ATHE_RS11025	WP_015908531.1
ATHE_RS11030	WP_015908532.1
ATHE_RS11045	WP_015908533.1
ATHE_RS11050	WP_015908534.1
ATHE_RS11055	WP_015908535.1
ATHE_RS11060	WP_013291240.1
ATHE_RS11065	WP_041727199.1
ATHE_RS11075	WP_015908537.1
ATHE_RS11085	WP_015908538.1
ATHE_RS11090	WP_015908539.1
ATHE_RS11095	WP_015908540.1
ATHE_RS11100	WP_015908541.1
ATHE_RS11105	WP_015908542.1
ATHE_RS11110	WP_015908543.1
ATHE_RS11115	WP_015908544.1
ATHE_RS11125	WP_015908545.1
ATHE_RS11130	WP_015908546.1
ATHE_RS11135	WP_015908547.1
ATHE_RS11140	WP_015908548.1
ATHE_RS11145	WP_015908549.1
ATHE_RS11150	WP_015908550.1
ATHE_RS11155	WP_015908551.1
ATHE_RS11160	WP_015908552.1
ATHE_RS11165	WP_015908553.1
ATHE_RS11170	WP_015908554.1
ATHE_RS11175	WP_015908555.1
ATHE_RS11180	WP_088217568.1
ATHE_RS11195	WP_015908557.1
ATHE_RS11200	WP_015908558.1
ATHE_RS11210	WP_015908559.1
ATHE_RS11215	WP_015908560.1
ATHE_RS11220	WP_015908561.1
ATHE_RS11225	WP_015908562.1
ATHE_RS11230	WP_015908563.1
ATHE_RS11235	WP_015908564.1
ATHE_RS11240	WP_015908565.1
ATHE_RS11245	WP_015908566.1
ATHE_RS11250	WP_013429468.1
ATHE_RS11255	WP_015908567.1
ATHE_RS11260	WP_015908568.1
ATHE_RS11265	WP_015908569.1
ATHE_RS11270	WP_015908570.1
ATHE_RS11275	WP_015908571.1
ATHE_RS11280	WP_015908572.1
ATHE_RS11285	WP_015908573.1
ATHE_RS11290	WP_015908574.1
ATHE_RS11295	WP_015908575.1
ATHE_RS11300	WP_015908576.1
ATHE_RS11305	WP_015908577.1
ATHE_RS11310	WP_015908578.1
ATHE_RS11315	WP_015908579.1
ATHE_RS11320	WP_015908580.1
ATHE_RS11325	WP_015908581.1
ATHE_RS11330	WP_015908582.1
ATHE_RS11340	WP_015908584.1
ATHE_RS11345	WP_015908585.1
ATHE_RS11350	WP_015908586.1
ATHE_RS11355	WP_015908587.1
ATHE_RS11360	WP_015908588.1
ATHE_RS11365	WP_015908589.1
ATHE_RS11370	WP_041727434.1
ATHE_RS11380	WP_015908592.1
ATHE_RS11385	WP_015908593.1
ATHE_RS11390	WP_015908594.1
ATHE_RS11395	WP_015908595.1
ATHE_RS11400	WP_015908596.1
ATHE_RS11405	WP_015908597.1
ATHE_RS11410	WP_015908598.1
ATHE_RS11415	WP_041727205.1
ATHE_RS11420	WP_013429442.1
ATHE_RS11425	WP_015908599.1
ATHE_RS11430	WP_015908600.1
ATHE_RS11435	WP_015908601.1
ATHE_RS11440	WP_015908602.1
ATHE_RS11445	WP_015908603.1
ATHE_RS11455	WP_015908604.1
ATHE_RS11460	WP_015908605.1
ATHE_RS11465	WP_015908606.1
ATHE_RS11470	WP_015908607.1
ATHE_RS11475	WP_015908608.1
ATHE_RS11480	WP_015908609.1
ATHE_RS11485	WP_041727209.1
ATHE_RS11490	WP_015908611.1
ATHE_RS11495	WP_015908612.1
ATHE_RS11500	WP_015908613.1
ATHE_RS11510	WP_015908614.1
ATHE_RS11515	WP_015908615.1
ATHE_RS11520	WP_015908616.1
ATHE_RS11525	WP_015908617.1
ATHE_RS11530	WP_015908618.1
ATHE_RS11540	WP_015908620.1
ATHE_RS11545	WP_015906876.1
ATHE_RS11550	WP_013429593.1
ATHE_RS11560	WP_015908622.1
ATHE_RS11565	WP_015908623.1
ATHE_RS11570	WP_015908624.1
ATHE_RS11575	WP_015908625.1
ATHE_RS11580	WP_015908626.1
ATHE_RS11590	WP_015908629.1
ATHE_RS11595	WP_015908630.1
ATHE_RS11600	WP_015908631.1
ATHE_RS11605	WP_015908632.1
ATHE_RS11610	WP_015908633.1
ATHE_RS11615	WP_015908634.1
ATHE_RS11620	WP_041727211.1
ATHE_RS11625	WP_015908635.1
ATHE_RS11630	WP_015908636.1
ATHE_RS11635	WP_015908637.1
ATHE_RS11640	WP_015908638.1
ATHE_RS11645	WP_049760263.1
ATHE_RS11650	WP_041727212.1
ATHE_RS11655	WP_015908642.1
ATHE_RS11665	WP_015908643.1
ATHE_RS11670	WP_015908644.1
ATHE_RS11675	WP_015908645.1
ATHE_RS11680	WP_013429304.1
ATHE_RS11685	WP_013402175.1
ATHE_RS11690	WP_015908646.1
ATHE_RS11700	WP_015908648.1
ATHE_RS11705	WP_015908649.1
ATHE_RS11710	WP_015908650.1
ATHE_RS11715	WP_015908651.1
ATHE_RS11720	WP_015908652.1
ATHE_RS11725	WP_015908653.1
ATHE_RS11730	WP_015908654.1
ATHE_RS11735	WP_015908655.1
ATHE_RS11740	WP_015908656.1
ATHE_RS11745	WP_013429291.1
ATHE_RS11750	WP_015908657.1
ATHE_RS11755	WP_015908658.1
ATHE_RS11760	WP_015908659.1
ATHE_RS11765	WP_015908660.1
ATHE_RS11770	WP_015908661.1
ATHE_RS11775	WP_015908662.1
ATHE_RS11780	WP_015908663.1
ATHE_RS11785	WP_015908664.1
ATHE_RS11790	WP_015908665.1
ATHE_RS11795	WP_015908666.1
ATHE_RS11800	WP_015908667.1
ATHE_RS11805	WP_015908668.1
ATHE_RS11810	WP_015908669.1
ATHE_RS11815	WP_079504036.1
ATHE_RS11820	WP_015908671.1
ATHE_RS11825	WP_015908672.1
ATHE_RS11830	WP_015908673.1
ATHE_RS11835	WP_015908674.1
ATHE_RS11840	WP_015908675.1
ATHE_RS11845	WP_015908676.1
ATHE_RS11850	WP_015908677.1
ATHE_RS11855	WP_015908678.1
ATHE_RS11860	WP_015908679.1
ATHE_RS11865	WP_015908680.1
ATHE_RS11870	WP_015908681.1
ATHE_RS11875	WP_015908682.1
ATHE_RS11880	WP_015908683.1
ATHE_RS11885	WP_013402129.1
ATHE_RS11890	WP_015908684.1
ATHE_RS11895	WP_015908685.1
ATHE_RS11900	WP_015908686.1
ATHE_RS11905	WP_015908687.1
ATHE_RS11910	WP_015908688.1
ATHE_RS11915	WP_015908689.1
ATHE_RS11920	WP_015908690.1
ATHE_RS11925	WP_015908691.1
ATHE_RS11930	WP_015908692.1
ATHE_RS11935	WP_015908693.1
ATHE_RS11940	WP_015908694.1
ATHE_RS11945	WP_015908695.1
ATHE_RS11950	WP_015908696.1
ATHE_RS11955	WP_015908697.1
ATHE_RS11960	WP_015908698.1
ATHE_RS11965	WP_015908699.1
ATHE_RS11975	WP_041723068.1
ATHE_RS11985	WP_015908702.1
ATHE_RS11990	WP_015908703.1
ATHE_RS11995	WP_015908704.1
ATHE_RS12000	WP_015908705.1
ATHE_RS12005	WP_015908706.1
ATHE_RS12010	WP_015908707.1
ATHE_RS12015	WP_015908708.1
ATHE_RS12020	WP_015908709.1
ATHE_RS12025	WP_015908710.1
ATHE_RS12030	WP_015908711.1
ATHE_RS12035	WP_015908712.1
ATHE_RS12040	WP_015908713.1
ATHE_RS12045	WP_013429213.1
ATHE_RS12055	WP_013429211.1
ATHE_RS12060	WP_015908714.1
ATHE_RS12065	WP_015908715.1
ATHE_RS12070	WP_015908716.1
ATHE_RS12075	WP_015908717.1
ATHE_RS12080	WP_013404331.1
ATHE_RS12085	WP_015908718.1
ATHE_RS12090	WP_015908719.1
ATHE_RS12095	WP_015908720.1
ATHE_RS12100	WP_015908721.1
ATHE_RS12105	WP_041727217.1
ATHE_RS12110	WP_015908722.1
ATHE_RS12120	WP_015908723.1
ATHE_RS12125	WP_041727218.1
ATHE_RS12130	WP_015908724.1
ATHE_RS12135	WP_015908725.1
ATHE_RS12140	WP_015908726.1
ATHE_RS12145	WP_015908727.1
ATHE_RS12150	WP_015908728.1
ATHE_RS12155	WP_015908729.1
ATHE_RS12160	WP_015908730.1
ATHE_RS12165	WP_015908731.1
ATHE_RS12170	WP_015908732.1
ATHE_RS12175	WP_015908733.1
ATHE_RS12180	WP_015908734.1
ATHE_RS12185	WP_015908735.1
ATHE_RS12190	WP_015908736.1
ATHE_RS12195	WP_015908737.1
ATHE_RS12200	WP_015908738.1
ATHE_RS12205	WP_041727221.1
ATHE_RS12210	WP_015908740.1
ATHE_RS12215	WP_049760265.1
ATHE_RS12220	WP_015908743.1
ATHE_RS12225	WP_015908744.1
ATHE_RS12230	WP_015908745.1
ATHE_RS12235	WP_015908746.1
ATHE_RS12240	WP_015908747.1
ATHE_RS12245	WP_015908748.1
ATHE_RS12250	WP_015908749.1
ATHE_RS12255	WP_015908750.1
ATHE_RS12260	WP_015908751.1
ATHE_RS12265	WP_015908752.1
ATHE_RS12270	WP_015908753.1
ATHE_RS12275	WP_015908754.1
ATHE_RS12280	WP_015908755.1
ATHE_RS12285	WP_015908756.1
ATHE_RS12290	WP_015908757.1
ATHE_RS12295	WP_015908758.1
ATHE_RS12300	WP_015908759.1
ATHE_RS12305	WP_015908760.1
ATHE_RS12310	WP_015908761.1
ATHE_RS12315	WP_041727223.1
ATHE_RS12320	WP_015908762.1
ATHE_RS12325	WP_015908763.1
ATHE_RS12330	WP_015908764.1
ATHE_RS12335	WP_015908765.1
ATHE_RS12340	WP_015908766.1
ATHE_RS12345	WP_015908767.1
ATHE_RS12350	WP_015908768.1
ATHE_RS12355	WP_015908769.1
ATHE_RS12360	WP_015908770.1
ATHE_RS12365	WP_015908771.1
ATHE_RS12370	WP_015908772.1
ATHE_RS12375	WP_015908773.1
ATHE_RS12380	WP_015908774.1
ATHE_RS12385	WP_015908775.1
ATHE_RS12390	WP_015908776.1
ATHE_RS12395	WP_015908777.1
ATHE_RS12400	WP_015908778.1
ATHE_RS12405	WP_015908779.1
ATHE_RS12410	WP_015908780.1
ATHE_RS12415	WP_015908781.1
ATHE_RS12420	WP_015908782.1
ATHE_RS12425	WP_041727225.1
ATHE_RS12430	WP_015908783.1
ATHE_RS12435	WP_015908784.1
ATHE_RS12440	WP_015908785.1
ATHE_RS12445	WP_015908786.1
ATHE_RS12450	WP_015908787.1
ATHE_RS12455	WP_015908788.1
ATHE_RS12460	WP_015908789.1
ATHE_RS12465	WP_015908790.1
ATHE_RS12470	WP_041727223.1
ATHE_RS12475	WP_015908791.1
ATHE_RS12480	WP_015908792.1
ATHE_RS12485	WP_015908793.1
ATHE_RS12495	WP_015908794.1
ATHE_RS12500	WP_015908795.1
ATHE_RS12505	WP_015908796.1
ATHE_RS12510	WP_015908797.1
ATHE_RS12515	WP_015908798.1
ATHE_RS12520	WP_041727229.1
ATHE_RS12525	WP_015908799.1
ATHE_RS12530	WP_015908800.1
ATHE_RS12535	WP_015908801.1
ATHE_RS12540	WP_015908802.1
ATHE_RS12545	WP_015908803.1
ATHE_RS12550	WP_049760266.1
ATHE_RS12555	WP_015908805.1
ATHE_RS12560	WP_015908806.1
ATHE_RS12565	WP_015908807.1
ATHE_RS12570	WP_015908808.1
ATHE_RS12575	WP_015908809.1
ATHE_RS12580	WP_015908811.1
ATHE_RS12585	WP_015908812.1
ATHE_RS12590	WP_015908813.1
ATHE_RS12595	WP_015908815.1
ATHE_RS12600	WP_015908816.1
ATHE_RS12605	WP_015908817.1
ATHE_RS12610	WP_015908818.1
ATHE_RS14370	WP_015908819.1
ATHE_RS12615	WP_015908820.1
ATHE_RS12620	WP_079504038.1
ATHE_RS12625	WP_041727232.1
ATHE_RS12630	WP_015908822.1
ATHE_RS12635	WP_015908824.1
ATHE_RS12640	WP_015908825.1
ATHE_RS12645	WP_015908826.1
ATHE_RS12650	WP_015908827.1
ATHE_RS12655	WP_015908828.1
ATHE_RS12660	WP_015908829.1
ATHE_RS12665	WP_015908830.1
ATHE_RS12670	WP_015908831.1
ATHE_RS12675	WP_015908832.1
ATHE_RS12680	WP_015908833.1
ATHE_RS12685	WP_015908835.1
ATHE_RS12690	WP_015908836.1
ATHE_RS12695	WP_015908837.1
ATHE_RS12700	WP_015908838.1
ATHE_RS12705	WP_015908839.1
ATHE_RS12710	WP_015908840.1
ATHE_RS12715	WP_015908841.1
ATHE_RS12720	WP_015908842.1
ATHE_RS12725	WP_015908843.1
ATHE_RS12730	WP_015908844.1
ATHE_RS12735	WP_015908845.1
ATHE_RS12740	WP_015908846.1
ATHE_RS12745	WP_015908847.1
ATHE_RS12750	WP_041727234.1
ATHE_RS12755	WP_015908849.1
ATHE_RS12760	WP_015908850.1
ATHE_RS12765	WP_015908851.1
ATHE_RS12775	WP_015908852.1
ATHE_RS12780	WP_015908853.1
ATHE_RS12785	WP_015908854.1
ATHE_RS12790	WP_015908855.1
ATHE_RS12795	WP_015908856.1
ATHE_RS12800	WP_015908857.1
ATHE_RS12805	WP_015908858.1
ATHE_RS12810	WP_015908859.1
ATHE_RS12815	WP_015908860.1
ATHE_RS12820	WP_015908861.1
ATHE_RS12825	WP_015908862.1
ATHE_RS12830	WP_015908863.1
ATHE_RS12835	WP_013433368.1
ATHE_RS12840	WP_015908864.1
ATHE_RS12850	WP_015908865.1
ATHE_RS12855	WP_015908866.1
ATHE_RS12860	WP_015908867.1
ATHE_RS12865	WP_041727239.1
ATHE_RS12870	WP_015908869.1
ATHE_RS12875	WP_015908870.1
ATHE_RS12880	WP_015908871.1
ATHE_RS12885	WP_015908872.1
ATHE_RS12895	WP_015908874.1
ATHE_RS12900	WP_015908875.1
ATHE_RS12905	WP_015908876.1
ATHE_RS12910	WP_015908877.1
ATHE_RS12925	WP_015908879.1
ATHE_RS12930	WP_015908880.1
ATHE_RS12935	WP_015908881.1
ATHE_RS12940	WP_015908882.1
ATHE_RS12945	WP_011915897.1
ATHE_RS12950	WP_015908883.1
ATHE_RS12955	WP_015908884.1
ATHE_RS12960	WP_094276081.1
ATHE_RS12965	WP_015908886.1
ATHE_RS12990	WP_015908887.1
ATHE_RS12995	WP_015908888.1
ATHE_RS13000	WP_015908889.1
ATHE_RS13005	WP_015908890.1
ATHE_RS13010	WP_015908891.1
ATHE_RS13015	WP_015908892.1
ATHE_RS13020	WP_015908893.1
ATHE_RS13025	WP_015908894.1
ATHE_RS13030	WP_015908895.1
ATHE_RS13035	WP_015908896.1
ATHE_RS13040	WP_015908897.1
ATHE_RS13045	WP_015908898.1
ATHE_RS13050	WP_015908899.1
ATHE_RS13055	WP_013429342.1
ATHE_RS13060	WP_041727242.1
ATHE_RS13070	WP_015908904.1
ATHE_RS13080	WP_015908906.1
ATHE_RS13085	WP_015908907.1
ATHE_RS13100	WP_015908910.1
ATHE_RS13130	WP_015908911.1
ATHE_RS13135	WP_015908912.1
ATHE_RS13140	WP_015908913.1
ATHE_RS13145	WP_015908914.1
ATHE_RS13150	WP_015908915.1
ATHE_RS13155	WP_015908916.1
ATHE_RS13160	WP_041727244.1
ATHE_RS13165	WP_015908918.1
ATHE_RS13170	WP_015908919.1
ATHE_RS13175	WP_015908920.1
ATHE_RS13180	WP_015908921.1
ATHE_RS13185	WP_015908922.1
ATHE_RS13190	WP_015908923.1
ATHE_RS13195	WP_015908924.1
ATHE_RS13200	WP_015908925.1
ATHE_RS13205	WP_015908926.1
ATHE_RS13210	WP_015908927.1
ATHE_RS13215	WP_015908928.1
ATHE_RS13220	WP_015908929.1
ATHE_RS13225	WP_041727453.1
ATHE_RS13230	WP_015908931.1
ATHE_RS13235	WP_015908932.1
ATHE_RS13240	WP_015908933.1
ATHE_RS13245	WP_015908934.1
ATHE_RS13250	WP_011916100.1
ATHE_RS13255	WP_015908935.1
ATHE_RS13260	WP_015908936.1
ATHE_RS13265	WP_015908937.1
ATHE_RS13270	WP_015908938.1
ATHE_RS13275	WP_015908941.1
ATHE_RS13280	WP_015908942.1
ATHE_RS13285	WP_015908943.1
ATHE_RS13290	WP_015908944.1
ATHE_RS13295	WP_015908946.1
ATHE_RS14410	WP_079504041.1
ATHE_RS13305	WP_015908949.1
ATHE_RS13310	WP_015908950.1
ATHE_RS13315	WP_015908951.1
ATHE_RS13320	WP_015908952.1
ATHE_RS13325	WP_015908953.1
ATHE_RS13330	WP_013291477.1
ATHE_RS13335	WP_015908954.1
ATHE_RS13340	WP_015908955.1
ATHE_RS13345	WP_015908956.1
ATHE_RS13350	WP_015908957.1
ATHE_RS13355	WP_015908958.1
ATHE_RS13360	WP_015908959.1
ATHE_RS13370	WP_015908960.1
ATHE_RS13375	WP_015908961.1
ATHE_RS13380	WP_041727247.1
ATHE_RS13385	WP_015908962.1
ATHE_RS13390	WP_015908963.1
ATHE_RS13395	WP_079504042.1
ATHE_RS13410	WP_013404366.1
ATHE_RS13415	WP_015908965.1
ATHE_RS13420	WP_041727458.1
ATHE_RS13425	WP_015908967.1
ATHE_RS13430	WP_015908968.1
ATHE_RS13435	WP_015908969.1
ATHE_RS13440	WP_015908970.1
ATHE_RS13455	WP_079504043.1
ATHE_RS13460	WP_015908974.1
ATHE_RS13465	WP_015908975.1
ATHE_RS13470	WP_015908976.1
ATHE_RS13475	WP_015908977.1
ATHE_RS13480	WP_015908978.1
ATHE_RS13485	WP_015908979.1
ATHE_RS13500	WP_015908981.1
ATHE_RS13505	WP_041727251.1
ATHE_RS13510	WP_015908982.1
ATHE_RS13515	WP_041727254.1
ATHE_RS13520	WP_015908983.1
ATHE_RS13525	WP_049760268.1
ATHE_RS13540	WP_015908984.1
ATHE_RS13550	WP_015908985.1
ATHE_RS13565	WP_015908987.1
ATHE_RS13570	WP_015908988.1
ATHE_RS13575	WP_015908989.1
ATHE_RS13580	WP_015908990.1
ATHE_RS13595	WP_015908991.1
ATHE_RS13600	WP_015908992.1
ATHE_RS13605	WP_015908993.1
ATHE_RS13610	WP_015908994.1
ATHE_RS13615	WP_015908995.1
ATHE_RS13620	WP_015908996.1
ATHE_RS13625	WP_015908997.1
ATHE_RS13630	WP_015908998.1
ATHE_RS13635	WP_015908999.1
ATHE_RS13640	WP_015909000.1
ATHE_RS13645	WP_015909001.1
ATHE_RS13650	WP_015909002.1
ATHE_RS13655	WP_015909003.1
ATHE_RS13665	WP_079503988.1
ATHE_RS13670	WP_015909005.1
ATHE_RS13675	WP_015909006.1
ATHE_RS13685	WP_013404392.1
ATHE_RS13690	WP_015909007.1
ATHE_RS13695	WP_015909008.1
ATHE_RS13700	WP_015909009.1
ATHE_RS13705	WP_041727261.1
ATHE_RS13710	WP_015909011.1
ATHE_RS13715	WP_041727263.1
ATHE_RS13720	WP_015909013.1
ATHE_RS14520	WP_094276077.1
ATHE_RS13735	WP_015909014.1
ATHE_RS13740	WP_015909015.1
ATHE_RS13745	WP_015909016.1
ATHE_RS13750	WP_041727267.1
ATHE_RS13755	WP_015909018.1
ATHE_RS13760	WP_015909019.1
ATHE_RS13765	WP_015909020.1
ATHE_RS13770	WP_015909021.1
ATHE_RS13775	WP_015909022.1
ATHE_RS13780	WP_015909023.1
ATHE_RS14435	WP_013404408.1
ATHE_RS13785	WP_013431413.1
ATHE_RS13790	WP_013404410.1
ATHE_RS13795	WP_015909024.1
ATHE_RS13800	WP_015909025.1
ATHE_RS13805	WP_015909026.1
ATHE_RS13815	WP_015909027.1
ATHE_RS13820	WP_015909028.1
ATHE_RS13825	WP_015909029.1
ATHE_RS13830	WP_013404418.1
ATHE_RS13835	WP_015909030.1
ATHE_RS13840	WP_015909031.1
ATHE_RS13845	WP_015909032.1
ATHE_RS13850	WP_015909033.1
ATHE_RS13855	WP_015909034.1
ATHE_RS13860	WP_015909035.1
ATHE_RS13865	WP_015909036.1
ATHE_RS13870	WP_015909037.1
ATHE_RS13875	WP_015909038.1
ATHE_RS13880	WP_015909039.1
ATHE_RS13885	WP_015909040.1
ATHE_RS13890	WP_015909041.1
ATHE_RS13895	WP_015909042.1
ATHE_RS13900	WP_015909043.1
ATHE_RS13905	WP_015909044.1
ATHE_RS13910	WP_015909045.1
ATHE_RS13915	WP_015909046.1
ATHE_RS13920	WP_015909047.1
ATHE_RS13925	WP_015909048.1
ATHE_RS13930	WP_015909049.1
ATHE_RS13935	WP_013431441.1
ATHE_RS13940	WP_015909050.1
ATHE_RS14530	WP_015909051.1
ATHE_RS14535	WP_015909052.1
ATHE_RS13955	WP_013291559.1
ATHE_RS13960	WP_015906731.1
ATHE_RS13965	WP_015909053.1
ATHE_RS13970	WP_015909054.1
ATHE_RS13975	WP_015909055.1
ATHE_RS13980	WP_013431448.1
ATHE_RS14445	WP_012660744.1
ATHE_RS13995	WP_012660745.1
ATHE_RS14000	WP_012660746.1
ATHE_RS14005	WP_012660747.1
ATHE_RS14010	WP_012660748.1
ATHE_RS14020	WP_012660750.1
ATHE_RS14025	WP_041727524.1
ATHE_RS14030	WP_012660751.1
ATHE_RS14035	WP_012660752.1
ATHE_RS14040	WP_012660753.1
ATHE_RS14045	WP_012660754.1
